"id","municipality_id:id","name"
"par_ama_alto_orinoco_alto_orinoco_la_esmeralda","mun_ama_alto_orinoco","Alto Orinoco La Esmeralda"
"par_ama_alto_orinoco_huachamacare_acanana","mun_ama_alto_orinoco","Huachamacare Acanaña"
"par_ama_alto_orinoco_marawaka_toky_shamanana","mun_ama_alto_orinoco","Marawaka Toky Shamanaña"
"par_ama_alto_orinoco_mavaka_mavaka","mun_ama_alto_orinoco","Mavaka Mavaka"
"par_ama_alto_orinoco_sierra_parima_parimabe","mun_ama_alto_orinoco","Sierra Parima Parimabé"
"par_ama_atabapo_ucata_laja_lisa","mun_ama_atabapo","Ucata Laja Lisa"
"par_ama_atabapo_yapacana_macuruco","mun_ama_atabapo","Yapacana Macuruco"
"par_ama_atabapo_caname_guarinuma","mun_ama_atabapo","Caname Guarinuma"
"par_ama_atures_fernando_giron_tovar","mun_ama_atures","Fernando Girón Tovar"
"par_ama_atures_luis_alberto_gomez","mun_ama_atures","Luis Alberto Gómez"
"par_ama_atures_pahuena_limon_de_parhuena","mun_ama_atures","Pahueña Limón de Parhueña"
"par_ama_atures_platanillal_platanillal","mun_ama_atures","Platanillal Platanillal"
"par_ama_autana_samariapo_samariapo","mun_ama_autana","Samariapo Samariapo"
"par_ama_autana_sipapo_pendare","mun_ama_autana","Sipapo Pendare"
"par_ama_autana_munduapo_munduapo","mun_ama_autana","Munduapo Munduapo"
"par_ama_autana_guayapo_san_pedro_del_orinoco","mun_ama_autana","Guayapo San Pedro del Orinoco"
"par_ama_manapiare_alto_ventuari_cacuri","mun_ama_manapiare","Alto Ventuari Cacurí"
"par_ama_manapiare_medio_ventuari_manami","mun_ama_manapiare","Medio Ventuari Manami"
"par_ama_manapiare_bajo_ventuari_marueta","mun_ama_manapiare","Bajo Ventuari Marueta"
"par_ama_maroa_victorino","mun_ama_maroa","Victorino"
"par_ama_maroa_comunidad","mun_ama_maroa","Comunidad"
"par_ama_rio_negro_casiquiare_curimacare","mun_ama_rio_negro","Casiquiare Curimacare"
"par_ama_rio_negro_cocuy","mun_ama_rio_negro","Cocuy"
"par_ama_rio_negro_san_carlos_de_rio_negro","mun_ama_rio_negro","San Carlos de Río Negro"
"par_ama_rio_negro_solano_solano","mun_ama_rio_negro","Solano Solano"
"par_anz_anaco_anaco","mun_anz_anaco","Anaco"
"par_anz_anaco_san_joaquin","mun_anz_anaco","San Joaquín"
"par_anz_aragua_cachipo","mun_anz_aragua","Cachipo"
"par_anz_aragua_aragua_de_barcelona","mun_anz_aragua","Aragua de Barcelona"
"par_anz_bolivar_bergatin","mun_anz_bolivar","Bergatín"
"par_anz_bolivar_caigua","mun_anz_bolivar","Caigua"
"par_anz_bolivar_el_carmen","mun_anz_bolivar","El Carmen."
"par_anz_bolivar_el_pilar","mun_anz_bolivar","El Pilar"
"par_anz_bolivar_naricual","mun_anz_bolivar","Naricual."
"par_anz_bolivar_san_cristobal","mun_anz_bolivar","San Cristóbal"
"par_anz_bruzual_clarines","mun_anz_bruzual","Clarines"
"par_anz_bruzual_guanape","mun_anz_bruzual","Guanape"
"par_anz_bruzual_sabana_de_uchire","mun_anz_bruzual","Sabana de Uchire"
"par_anz_cajigal_onoto","mun_anz_cajigal","Onoto"
"par_anz_cajigal_san_pablo","mun_anz_cajigal","San Pablo"
"par_anz_carvajal_valle_de_guanape","mun_anz_carvajal","Valle de Guanape"
"par_anz_carvajal_santa_barbara","mun_anz_carvajal","Santa Bárbara"
"par_anz_diego_bautista_urbaneja_lecheria","mun_anz_diego_bautista_urbaneja","Lechería"
"par_anz_diego_bautista_urbaneja_el_morro","mun_anz_diego_bautista_urbaneja","El Morro"
"par_anz_freites_cantaura","mun_anz_pedro_maria_freites","Cantaura"
"par_anz_freites_libertador","mun_anz_pedro_maria_freites","Libertador"
"par_anz_freites_santa_rosa","mun_anz_pedro_maria_freites","Santa Rosa"
"par_anz_freites_urica","mun_anz_pedro_maria_freites","Urica"
"par_anz_guanipa_san_jose_de_guanipa","mun_anz_san_jose_de_guanipa","San José de Guanipa"
"par_anz_guanta_guanta","mun_anz_guanta","Guanta"
"par_anz_guanta_chorreron","mun_anz_guanta","Chorrerón"
"par_anz_independencia_mamo","mun_anz_independencia","Mamo"
"par_anz_independencia_soledad","mun_anz_independencia","Soledad"
"par_anz_libertad_san_mateo","mun_anz_libertad","San Mateo"
"par_anz_libertad_el_carito","mun_anz_libertad","El Carito"
"par_anz_libertad_santa_ines","mun_anz_libertad","Santa Inés"
"par_anz_libertad_la_romerena","mun_anz_libertad","La Romereña"
"par_anz_mcgregor_el_chaparro","mun_anz_sir_arthur_mcgregor","El Chaparro"
"par_anz_mcgregor_tomas_alfaro","mun_anz_sir_arthur_mcgregor","Tomás Alfaro"
"par_anz_mcgregor_calatrava","mun_anz_sir_arthur_mcgregor","Calatrava"
"par_anz_miranda_atapirire","mun_anz_francisco_de_miranda","Atapirire"
"par_anz_miranda_boca_del_pao","mun_anz_francisco_de_miranda","Boca del Pao"
"par_anz_miranda_el_pao","mun_anz_francisco_de_miranda","El Pao"
"par_anz_miranda_pariaguan","mun_anz_francisco_de_miranda","Pariaguán"
"par_anz_monagas_mapire","mun_anz_jose_gregorio_monagas","Mapire"
"par_anz_monagas_piar","mun_anz_jose_gregorio_monagas","Piar"
"par_anz_monagas_santa_clara","mun_anz_jose_gregorio_monagas","Santa Clara"
"par_anz_monagas_san_diego_de_cabrutica","mun_anz_jose_gregorio_monagas","San Diego de Cabrutica"
"par_anz_monagas_uverito","mun_anz_jose_gregorio_monagas","Uverito"
"par_anz_monagas_zuata","mun_anz_jose_gregorio_monagas","Zuata"
"par_anz_penalver_puerto_piritu","mun_anz_fernando_de_penalver","Puerto Píritu"
"par_anz_penalver_san_miguel","mun_anz_fernando_de_penalver","San Miguel"
"par_anz_penalver_sucre","mun_anz_fernando_de_penalver","Sucre"
"par_anz_piritu_piritu","mun_anz_piritu","Píritu"
"par_anz_piritu_san_francisco","mun_anz_piritu","San Francisco"
"par_anz_san_juan_de_capistrano_boca_de_uchire","mun_anz_san_juan_de_capistrano","Boca de Uchire"
"par_anz_san_juan_de_capistrano_boca_de_chavez","mun_anz_san_juan_de_capistrano","Boca de Chávez"
"par_anz_santa_ana_pueblo_nuevo","mun_anz_santa_ana","Pueblo Nuevo"
"par_anz_santa_ana_santa_ana","mun_anz_santa_ana","Santa Ana"
"par_anz_simon_rodriguez_edmundo_barrios","mun_anz_simon_bolivar","Edmundo Barrios"
"par_anz_simon_rodriguez_miguel_otero_silva","mun_anz_simon_bolivar","Miguel Otero Silva"
"par_anz_sotillo_puerto_la_cruz","mun_anz_juan_antonio_sotillo","Puerto La Cruz"
"par_anz_sotillo_pozuelos","mun_anz_juan_antonio_sotillo","Pozuelos"
"par_apu_achaguas_achaguas","mun_apu_achaguas","Achaguas"
"par_apu_achaguas_apurito","mun_apu_achaguas","Apurito"
"par_apu_achaguas_el_yagual","mun_apu_achaguas","El Yagual"
"par_apu_achaguas_guachara","mun_apu_achaguas","Guachara"
"par_apu_achaguas_mucuritas","mun_apu_achaguas","Mucuritas"
"par_apu_achaguas_queseras_del_medio","mun_apu_achaguas","Queseras del medio"
"par_apu_biruaca_biruaca","mun_apu_biruaca","Biruaca"
"par_apu_munoz_bruzual","mun_apu_munoz","Bruzual"
"par_apu_munoz_mantecal","mun_apu_munoz","Mantecal"
"par_apu_munoz_quintero","mun_apu_munoz","Quintero"
"par_apu_munoz_rincon_hondo","mun_apu_munoz","Rincón Hondo"
"par_apu_munoz_san_vicente","mun_apu_munoz","San Vicente"
"par_apu_paez_guasdualito","mun_apu_paez","Guasdualito"
"par_apu_paez_aramendi","mun_apu_paez","Aramendi"
"par_apu_paez_el_amparo","mun_apu_paez","El Amparo"
"par_apu_paez_san_camilo","mun_apu_paez","San Camilo"
"par_apu_paez_urdaneta","mun_apu_paez","Urdaneta"
"par_apu_pedro_camejo_san_juan_de_payara","mun_apu_pedro_camejo","San Juan de Payara"
"par_apu_pedro_camejo_codazzi","mun_apu_pedro_camejo","Codazzi"
"par_apu_pedro_camejo_cunaviche","mun_apu_pedro_camejo","Cunaviche"
"par_apu_romulo_gallegos_elorza","mun_apu_romulo_gallegos","Elorza"
"par_apu_romulo_gallegos_la_trinidad","mun_apu_romulo_gallegos","La Trinidad"
"par_apu_san_fernando_san_fernando","mun_apu_san_fernando","San Fernando"
"par_apu_san_fernando_el_recreo","mun_apu_san_fernando","El Recreo"
"par_apu_san_fernando_penalver","mun_apu_san_fernando","Peñalver"
"par_apu_san_fernando_san_rafael_de_atamaica","mun_apu_san_fernando","San Rafael de Atamaica"
"par_ara_bolivar_bolivar","mun_ara_bolivar","Bolívar"
"par_ara_camatagua_camatagua","mun_ara_camatagua","Camatagua"
"par_ara_camatagua_carmen_de_cura","mun_ara_camatagua","Carmen de Cura"
"par_ara_francisco_linares_alcantara_santa_rita","mun_ara_francisco_linares_alcantara","Santa Rita"
"par_ara_francisco_linares_alcantara_francisco_de_miranda","mun_ara_francisco_linares_alcantara","Francisco de Miranda"
"par_ara_francisco_linares_alcantara_mosenor_feliciano_gonzalez","mun_ara_francisco_linares_alcantara","Moseñor Feliciano González"
"par_ara_girardot_pedro_jose_ovalles","mun_ara_girardot","Pedro José Ovalles"
"par_ara_girardot_joaquin_crespo","mun_ara_girardot","Joaquín Crespo"
"par_ara_girardot_jose_casanova_godoy","mun_ara_girardot","José Casanova Godoy"
"par_ara_girardot_madre_maria_de_san_jose","mun_ara_girardot","Madre María de San José"
"par_ara_girardot_andres_eloy_blanco","mun_ara_girardot","Andrés Eloy Blanco"
"par_ara_girardot_los_tacarigua","mun_ara_girardot","Los Tacarigua"
"par_ara_girardot_las_delicias","mun_ara_girardot","Las Delicias"
"par_ara_girardot_choroni","mun_ara_girardot","Choroní"
"par_ara_jose_angel_lamas_santa_cruz","mun_ara_jose_angel_lamas","Santa Cruz"
"par_ara_jose_felix_ribas_jose_felix_ribas","mun_ara_jose_felix_ribas","José Félix Ribas"
"par_ara_jose_felix_ribas_castor_nieves_rios","mun_ara_jose_felix_ribas","Castor Nieves Ríos"
"par_ara_jose_felix_ribas_las_guacamayas","mun_ara_jose_felix_ribas","Las Guacamayas"
"par_ara_jose_felix_ribas_pao_de_zarate","mun_ara_jose_felix_ribas","Pao de Zárate"
"par_ara_jose_felix_ribas_zuata","mun_ara_jose_felix_ribas","Zuata"
"par_ara_jose_rafael_revenga_jose_rafael_revenga","mun_ara_jose_rafael_revenga","José Rafael Revenga"
"par_ara_libertador_palo_negro","mun_ara_libertador","Palo Negro"
"par_ara_libertador_san_martin_de_porres","mun_ara_libertador","San Martín de Porres"
"par_ara_mario_briceno_iragorry_el_limon","mun_ara_mario_briceno_iragorry","El Limón"
"par_ara_mario_briceno_iragorry_cana_de_azucar","mun_ara_mario_briceno_iragorry","Caña de Azúcar"
"par_ara_ocumare_de_la_costa_de_oro_ocumare_de_la_costa","mun_ara_ocumare_de_la_costa_de_oro","Ocumare de la Costa"
"par_ara_san_casimiro_san_casimiro","mun_ara_san_casimiro","San Casimiro"
"par_ara_san_casimiro_guiripa","mun_ara_san_casimiro","Güiripa"
"par_ara_san_casimiro_ollas_de_caramacate","mun_ara_san_casimiro","Ollas de Caramacate"
"par_ara_san_casimiro_valle_morin","mun_ara_san_casimiro","Valle Morín"
"par_ara_san_sebastian_san_sebastian","mun_ara_san_sebastian","San Sebastián"
"par_ara_santiago_marino_turmero","mun_ara_santiago_marino","Turmero"
"par_ara_santiago_marino_arevalo_aponte","mun_ara_santiago_marino","Arevalo Aponte"
"par_ara_santiago_marino_chuao","mun_ara_santiago_marino","Chuao"
"par_ara_santiago_marino_saman_de_guere","mun_ara_santiago_marino","Samán de Güere"
"par_ara_santiago_marino_alfredo_pacheco_miranda","mun_ara_santiago_marino","Alfredo Pacheco Miranda"
"par_ara_santos_michelena_santos_michelena","mun_ara_santos_michelena","Santos Michelena"
"par_ara_santos_michelena_tiara","mun_ara_santos_michelena","Tiara"
"par_ara_sucre_cagua","mun_ara_sucre","Cagua"
"par_ara_sucre_bella_vista","mun_ara_sucre","Bella Vista"
"par_ara_tovar_tovar","mun_ara_tovar","Tovar"
"par_ara_urdaneta_urdaneta","mun_ara_urdaneta","Urdaneta"
"par_ara_urdaneta_las_penitas","mun_ara_urdaneta","Las Peñitas"
"par_ara_urdaneta_san_francisco_de_cara","mun_ara_urdaneta","San Francisco de Cara"
"par_ara_urdaneta_taguay","mun_ara_urdaneta","Taguay"
"par_ara_zamora_zamora","mun_ara_zamora","Zamora"
"par_ara_zamora_magdaleno","mun_ara_zamora","Magdaleno"
"par_ara_zamora_san_francisco_de_asis","mun_ara_zamora","San Francisco de Asís"
"par_ara_zamora_valles_de_tucutunemo","mun_ara_zamora","Valles de Tucutunemo"
"par_ara_zamora_augusto_mijares","mun_ara_zamora","Augusto Mijares"
"par_bar_alberto_arvelo_torrealba_sabaneta","mun_bar_alberto_arvelo_torrealba","Sabaneta"
"par_bar_alberto_arvelo_torrealba_juan_antonio_rodriguez_dominguez","mun_bar_alberto_arvelo_torrealba","Juan Antonio Rodríguez Domínguez"
"par_bar_andres_eloy_blanco_el_canton","mun_bar_andres_eloy_blanco","El Cantón"
"par_bar_andres_eloy_blanco_santa_cruz_de_guacas","mun_bar_andres_eloy_blanco","Santa Cruz de Guacas"
"par_bar_andres_eloy_blanco_puerto_vivas","mun_bar_andres_eloy_blanco","Puerto Vivas"
"par_bar_antonio_jose_de_sucre_ticoporo","mun_bar_antonio_jose_de_sucre","Ticoporo"
"par_bar_antonio_jose_de_sucre_nicolas_pulido","mun_bar_antonio_jose_de_sucre","Nicolás Pulido"
"par_bar_antonio_jose_de_sucre_andres_bello","mun_bar_antonio_jose_de_sucre","Andrés Bello"
"par_bar_arismendi_arismendi","mun_bar_arismendi","Arismendi"
"par_bar_arismendi_guadarrama","mun_bar_arismendi","Guadarrama"
"par_bar_arismendi_la_union","mun_bar_arismendi","La Unión"
"par_bar_arismendi_san_antonio","mun_bar_arismendi","San Antonio"
"par_bar_barinas_barinas","mun_bar_barinas","Barinas"
"par_bar_barinas_alberto_arvelo_larriva","mun_bar_barinas","Alberto Arvelo Larriva"
"par_bar_barinas_san_silvestre","mun_bar_barinas","San Silvestre"
"par_bar_barinas_santa_ines","mun_bar_barinas","Santa Inés"
"par_bar_barinas_santa_lucia","mun_bar_barinas","Santa Lucía"
"par_bar_barinas_torunos","mun_bar_barinas","Torunos"
"par_bar_barinas_el_carmen","mun_bar_barinas","El Carmen"
"par_bar_barinas_romulo_betancourt","mun_bar_barinas","Rómulo Betancourt"
"par_bar_barinas_corazon_de_jesus","mun_bar_barinas","Corazón de Jesús"
"par_bar_barinas_ramon_ignacio_mendez","mun_bar_barinas","Ramón Ignacio Méndez"
"par_bar_barinas_alto_barinas","mun_bar_barinas","Alto Barinas"
"par_bar_barinas_manuel_palacio_fajardo","mun_bar_barinas","Manuel Palacio Fajardo"
"par_bar_barinas_juan_antonio_rodriguez_dominguez","mun_bar_barinas","Juan Antonio Rodríguez Domínguez"
"par_bar_barinas_dominga_ortiz_de_paez","mun_bar_barinas","Dominga Ortiz de Páez"
"par_bar_bolivar_barinitas","mun_bar_bolivar","Barinitas"
"par_bar_bolivar_altamira_de_caceres","mun_bar_bolivar","Altamira de Cáceres"
"par_bar_bolivar_calderas","mun_bar_bolivar","Calderas"
"par_bar_cruz_paredes_barrancas","mun_bar_cruz_paredes","Barrancas"
"par_bar_cruz_paredes_el_socorro","mun_bar_cruz_paredes","El Socorro"
"par_bar_cruz_paredes_mazparrito","mun_bar_cruz_paredes","Mazparrito"
"par_bar_ezequiel_zamora_santa_barbara","mun_bar_ezequiel_zamora","Santa Bárbara"
"par_bar_ezequiel_zamora_pedro_briceno_mendez","mun_bar_ezequiel_zamora","Pedro Briceño Méndez"
"par_bar_ezequiel_zamora_ramon_ignacio_mendez","mun_bar_ezequiel_zamora","Ramón Ignacio Méndez"
"par_bar_ezequiel_zamora_jose_ignacio_del_pumar","mun_bar_ezequiel_zamora","José Ignacio del Pumar"
"par_bar_obispos_obispos","mun_bar_obispos","Obispos"
"par_bar_obispos_los_guasimitos","mun_bar_obispos","Los Guasimitos"
"par_bar_obispos_el_real","mun_bar_obispos","El Real"
"par_bar_obispos_la_luz","mun_bar_obispos","La Luz"
"par_bar_pedraza_ciudad_bolivia","mun_bar_pedraza","Ciudad Bolívia"
"par_bar_pedraza_jose_ignacio_briceno","mun_bar_pedraza","José Ignacio Briceño"
"par_bar_pedraza_jose_felix_ribas","mun_bar_pedraza","José Félix Ribas"
"par_bar_pedraza_paez","mun_bar_pedraza","Páez"
"par_bar_rojas_libertad","mun_bar_rojas","Libertad"
"par_bar_rojas_dolores","mun_bar_rojas","Dolores"
"par_bar_rojas_santa_rosa","mun_bar_rojas","Santa Rosa"
"par_bar_rojas_palacio_fajardo","mun_bar_rojas","Palacio Fajardo"
"par_bar_rojas_simon_rodriguez","mun_bar_rojas","Simón Rodríguez"
"par_bar_sosa_ciudad_de_nutrias","mun_bar_sosa","Ciudad de Nutrias"
"par_bar_sosa_el_regalo","mun_bar_sosa","El Regalo"
"par_bar_sosa_puerto_nutrias","mun_bar_sosa","Puerto Nutrias"
"par_bar_sosa_santa_catalina","mun_bar_sosa","Santa Catalina"
"par_bar_sosa_simon_bolivar","mun_bar_sosa","Simón Bolívar"
"par_bol_angostura_raul_leoni","mun_bol_angostura","Raúl Leoni"
"par_bol_angostura_barceloneta","mun_bol_angostura","Barceloneta"
"par_bol_angostura_santa_barbara","mun_bol_angostura","Santa Bárbara"
"par_bol_angostura_san_francisco","mun_bol_angostura","San Francisco"
"par_bol_caroni_cachamay","mun_bol_caroni","Cachamay"
"par_bol_caroni_chirica","mun_bol_caroni","Chirica"
"par_bol_caroni_dalla_costa","mun_bol_caroni","Dalla Costa"
"par_bol_caroni_once_de_abril","mun_bol_caroni","Once de Abril"
"par_bol_caroni_simon_bolivar","mun_bol_caroni","Simón Bolívar"
"par_bol_caroni_unare","mun_bol_caroni","Unare"
"par_bol_caroni_universidad","mun_bol_caroni","Universidad"
"par_bol_caroni_vista_al_sol","mun_bol_caroni","Vista al Sol"
"par_bol_caroni_pozo_verde","mun_bol_caroni","Pozo Verde"
"par_bol_caroni_yocoima","mun_bol_caroni","Yocoima"
"par_bol_caroni_5_de_julio","mun_bol_caroni","5 de Julio"
"par_bol_cedeno_cedeno","mun_bol_cedeno","Cedeño"
"par_bol_cedeno_altagracia","mun_bol_cedeno","Altagracia"
"par_bol_cedeno_ascension_farreras","mun_bol_cedeno","Ascensión Farreras"
"par_bol_cedeno_guaniamo","mun_bol_cedeno","Guaniamo"
"par_bol_cedeno_la_urbana","mun_bol_cedeno","La Urbana"
"par_bol_cedeno_pijiguaos","mun_bol_cedeno","Pijiguaos"
"par_bol_el_callao_el_callao","mun_bol_el_callao","El Callao"
"par_bol_gran_sabana_gran_sabana","mun_bol_gran_sabana","Gran Sabana"
"par_bol_gran_sabana_ikabaru","mun_bol_gran_sabana","Ikabarú"
"par_bol_heres_catedral","mun_bol_heres","Catedral"
"par_bol_heres_zea","mun_bol_heres","Zea"
"par_bol_heres_orinoco","mun_bol_heres","Orinoco"
"par_bol_heres_jose_antonio_paez","mun_bol_heres","José Antonio Páez"
"par_bol_heres_marhuanta","mun_bol_heres","Marhuanta"
"par_bol_heres_agua_salada","mun_bol_heres","Agua Salada"
"par_bol_heres_vista_hermosa","mun_bol_heres","Vista Hermosa"
"par_bol_heres_la_sabanita","mun_bol_heres","La Sabanita"
"par_bol_heres_panapana","mun_bol_heres","Panapana"
"par_bol_piar_andres_eloy_blanco","mun_bol_piar","Andrés Eloy Blanco"
"par_bol_piar_pedro_cova","mun_bol_piar","Pedro Cova"
"par_bol_roscio_roscio","mun_bol_roscio","Roscio"
"par_bol_roscio_salom","mun_bol_roscio","Salóm"
"par_bol_sifontes_sifontes","mun_bol_sifontes","Sifontes"
"par_bol_sifontes_dalla_costa","mun_bol_sifontes","Dalla Costa"
"par_bol_sifontes_san_isidro","mun_bol_sifontes","San Isidro"
"par_bol_sucre_sucre","mun_bol_sucre","Sucre"
"par_bol_sucre_aripao","mun_bol_sucre","Aripao"
"par_bol_sucre_guarataro","mun_bol_sucre","Guarataro"
"par_bol_sucre_las_majadas","mun_bol_sucre","Las Majadas"
"par_bol_sucre_moitaco","mun_bol_sucre","Moitaco"
"par_bol_padre_pedro_chien_padre_pedro_chien","mun_bol_padre_pedro_chien","Padre Pedro Chien"
"par_bol_padre_pedro_chien_rio_grande","mun_bol_padre_pedro_chien","Río Grande"
"par_car_bejuma_bejuma","mun_car_bejuma","Bejuma"
"par_car_bejuma_canoabo","mun_car_bejuma","Canoabo"
"par_car_bejuma_simon_bolivar","mun_car_bejuma","Simón Bolívar"
"par_car_carlos_arvelo_guigue","mun_car_carlos_arvelo","Güigüe"
"par_car_carlos_arvelo_carabobo","mun_car_carlos_arvelo","Carabobo"
"par_car_carlos_arvelo_tacarigua","mun_car_carlos_arvelo","Tacarigua"
"par_car_diego_ibarra_mariara","mun_car_diego_ibarra","Mariara"
"par_car_diego_ibarra_aguas_calientes","mun_car_diego_ibarra","Aguas Calientes"
"par_car_guacara_ciudad_alianza","mun_car_guacara","Ciudad Alianza"
"par_car_guacara_guacara","mun_car_guacara","Guacara"
"par_car_guacara_yagua","mun_car_guacara","Yagua"
"par_car_mora_moron","mun_car_juan_jose_mora","Morón"
"par_car_mora_urama","mun_car_juan_jose_mora","Urama"
"par_car_libertador_valencia","mun_car_libertador","Valencia"
"par_car_libertador_campo_carabobo","mun_car_libertador","Campo Carabobo"
"par_car_los_guayos_los_guayos","mun_car_los_guayos","Los Guayos"
"par_car_miranda_miranda","mun_car_miranda","Miranda"
"par_car_montalban_montalban","mun_car_montalban","Montalbán"
"par_car_naguanagua_naguanagua","mun_car_naguanagua","Naguanagua"
"par_car_puerto_cabello_bartolome_salom","mun_car_puerto_cabello","Bartolomé Salóm"
"par_car_puerto_cabello_democracia","mun_car_puerto_cabello","Democracia"
"par_car_puerto_cabello_fraternidad","mun_car_puerto_cabello","Fraternidad"
"par_car_puerto_cabello_goaigoaza","mun_car_puerto_cabello","Goaigoaza"
"par_car_puerto_cabello_juan_jose_flores","mun_car_puerto_cabello","Juan José Flores"
"par_car_puerto_cabello_union","mun_car_puerto_cabello","Unión"
"par_car_puerto_cabello_borburata","mun_car_puerto_cabello","Borburata"
"par_car_puerto_cabello_patanemo","mun_car_puerto_cabello","Patanemo"
"par_car_san_diego_san_diego","mun_car_san_diego","San Diego"
"par_car_san_joaquin_san_joaquin","mun_car_san_joaquin","San Joaquín"
"par_car_valencia_urbana_candelaria","mun_car_valencia","Urbana Candelaria"
"par_car_valencia_urbana_catedral","mun_car_valencia","Urbana Catedral"
"par_car_valencia_urbana_el_socorro","mun_car_valencia","Urbana El Socorro"
"par_car_valencia_urbana_miguel_pena","mun_car_valencia","Urbana Miguel Peña"
"par_car_valencia_urbana_rafael_urdaneta","mun_car_valencia","Urbana Rafael Urdaneta"
"par_car_valencia_urbana_san_blas","mun_car_valencia","Urbana San Blas"
"par_car_valencia_urbana_san_jose","mun_car_valencia","Urbana San José"
"par_car_valencia_urbana_santa_rosa","mun_car_valencia","Urbana Santa Rosa"
"par_car_valencia_no_urbana_negro_primero","mun_car_valencia","No Urbana Negro Primero"
"par_coj_anzoategui_cojedes","mun_coj_anzoategui","Cojedes"
"par_coj_anzoategui_juan_de_mata_suarez","mun_coj_anzoategui","Juan de Mata Suárez"
"par_coj_tinaquillo_tinaquillo","mun_coj_tinaquillo","Tinaquillo"
"par_coj_girardot_el_baul","mun_coj_girardot","El Baúl"
"par_coj_girardot_sucre","mun_coj_girardot","Sucre"
"par_coj_lima_blanco_la_aguadita","mun_coj_lima_blanco","La Aguadita"
"par_coj_lima_blanco_macapo","mun_coj_lima_blanco","Macapo"
"par_coj_pao_de_san_juan_bautista_el_pao","mun_coj_el_pao_de_san_juan_bautista","El Pao"
"par_coj_ricaurte_el_amparo","mun_coj_ricaurte","El Amparo"
"par_coj_ricaurte_libertad_de_cojedes","mun_coj_ricaurte","Libertad de Cojedes"
"par_coj_romulo_gallegos_romulo_gallegos","mun_coj_romulo_gallegos","Rómulo Gallegos"
"par_coj_san_carlos_san_carlos_de_austria","mun_coj_san_carlos","San Carlos de Austria"
"par_coj_san_carlos_juan_angel_bravo","mun_coj_san_carlos","Juan Ángel Bravo"
"par_coj_san_carlos_manuel_manrique","mun_coj_san_carlos","Manuel Manrique"
"par_coj_tinaco_general_en_jefe_jose_laurencio_silva","mun_coj_tinaco","General en Jefe José Laurencio Silva"
"par_del_antonio_diaz_curiapo","mun_del_antonio_diaz","Curiapo"
"par_del_antonio_diaz_almirante_luis_brion","mun_del_antonio_diaz","Almirante Luis Brión"
"par_del_antonio_diaz_francisco_aniceto_lugo_boca_de_cuyubini","mun_del_antonio_diaz","Francisco Aniceto Lugo Boca de Cuyubini"
"par_del_antonio_diaz_manuel_renaud","mun_del_antonio_diaz","Manuel Renaud"
"par_del_antonio_diaz_padre_barral","mun_del_antonio_diaz","Padre Barral"
"par_del_antonio_diaz_santos_de_abelgas","mun_del_antonio_diaz","Santos de Abelgas"
"par_del_casacoima_imataca_moruca","mun_del_casacoima","Imataca Moruca"
"par_del_casacoima_cinco_de_julio_piacoa","mun_del_casacoima","Cinco de Julio Piacoa"
"par_del_casacoima_juan_bautista_arismendi","mun_del_casacoima","Juan Bautista Arismendi"
"par_del_casacoima_manuel_piar_santa_catalina","mun_del_casacoima","Manuel Piar Santa Catalina"
"par_del_casacoima_romulo_gallegos","mun_del_casacoima","Rómulo Gallegos"
"par_del_pedernales_pedernales","mun_del_pedernales","Pedernales"
"par_del_pedernales_luis_beltran_prieto_figueroa","mun_del_pedernales","Luis Beltrán Prieto Figueroa"
"par_del_tucupita_san_jose","mun_del_tucupita","San José"
"par_del_tucupita_jose_vidal_marcano_caparal_de_guara","mun_del_tucupita","José Vidal Marcano Caparal de Guara"
"par_del_tucupita_juan_millan","mun_del_tucupita","Juan Millán"
"par_del_tucupita_leonardo_ruiz_pineda_paloma","mun_del_tucupita","Leonardo Ruíz Pineda Paloma"
"par_del_tucupita_mariscal_antonio_jose_de_sucre","mun_del_tucupita","Mariscal Antonio José de Sucre"
"par_del_tucupita_monsenor_argimiro_garcia_san_rafael","mun_del_tucupita","Monseñor Argimiro García San Rafael"
"par_del_tucupita_san_rafael","mun_del_tucupita","San Rafael"
"par_del_tucupita_virgen_del_valle","mun_del_tucupita","Virgen del Valle"
"par_fal_acosta_capadare","mun_fal_acosta","Capadare"
"par_fal_acosta_la_pastora","mun_fal_acosta","La Pastora"
"par_fal_acosta_libertador","mun_fal_acosta","Libertador"
"par_fal_acosta_san_juan_de_los_cayos","mun_fal_acosta","San Juan de los Cayos"
"par_fal_bolivar_aracua","mun_fal_bolivar","Aracua"
"par_fal_bolivar_la_pena","mun_fal_bolivar","La Peña"
"par_fal_bolivar_san_luis","mun_fal_bolivar","San Luis"
"par_fal_buchivacoa_bariro","mun_fal_buchivacoa","Bariro"
"par_fal_buchivacoa_borojo","mun_fal_buchivacoa","Borojó"
"par_fal_buchivacoa_capatarida","mun_fal_buchivacoa","Capatárida"
"par_fal_buchivacoa_guajiro","mun_fal_buchivacoa","Guajiro"
"par_fal_buchivacoa_seque","mun_fal_buchivacoa","Seque"
"par_fal_buchivacoa_zazarida","mun_fal_buchivacoa","Zazárida"
"par_fal_buchivacoa_valle_de_eroa","mun_fal_buchivacoa","Valle de Eroa"
"par_fal_carirubana_norte","mun_fal_carirubana","Norte"
"par_fal_carirubana_carirubana","mun_fal_carirubana","Carirubana"
"par_fal_carirubana_santa_ana","mun_fal_carirubana","Santa Ana"
"par_fal_carirubana_urbana_punta_cardon","mun_fal_carirubana","Urbana Punta Cardón"
"par_fal_colina_la_vela_de_coro","mun_fal_colina","La Vela de Coro"
"par_fal_colina_acurigua","mun_fal_colina","Acurigua"
"par_fal_colina_guaibacoa","mun_fal_colina","Guaibacoa"
"par_fal_colina_las_calderas","mun_fal_colina","Las Calderas"
"par_fal_colina_macoruca","mun_fal_colina","Macoruca"
"par_fal_dabajuro_dabajuro","mun_fal_dabajuro","Dabajuro"
"par_fal_democracia_agua_clara","mun_fal_democracia","Agua Clara"
"par_fal_democracia_avaria","mun_fal_democracia","Avaria"
"par_fal_democracia_pedregal","mun_fal_democracia","Pedregal"
"par_fal_democracia_piedra_grande","mun_fal_democracia","Piedra Grande"
"par_fal_democracia_purureche","mun_fal_democracia","Purureche"
"par_fal_falcon_adaure","mun_fal_falcon","Adaure"
"par_fal_falcon_adicora","mun_fal_falcon","Adícora"
"par_fal_falcon_baraived","mun_fal_falcon","Baraived"
"par_fal_falcon_buena_vista","mun_fal_falcon","Buena Vista"
"par_fal_falcon_jadacaquiva","mun_fal_falcon","Jadacaquiva"
"par_fal_falcon_el_vinculo","mun_fal_falcon","El Vínculo"
"par_fal_falcon_el_hato","mun_fal_falcon","El Hato"
"par_fal_falcon_moruy","mun_fal_falcon","Moruy"
"par_fal_falcon_pueblo_nuevo","mun_fal_falcon","Pueblo Nuevo"
"par_fal_federacion_agua_larga","mun_fal_federacion","Agua Larga"
"par_fal_federacion_churuguara","mun_fal_federacion","Churuguara"
"par_fal_federacion_el_pauji","mun_fal_federacion","El Paují"
"par_fal_federacion_independencia","mun_fal_federacion","Independencia"
"par_fal_federacion_maparari","mun_fal_federacion","Mapararí"
"par_fal_jacura_agua_linda","mun_fal_jacura","Agua Linda"
"par_fal_jacura_araurima","mun_fal_jacura","Araurima"
"par_fal_jacura_jacura","mun_fal_jacura","Jacura"
"par_fal_los_taques_los_taques","mun_fal_los_taques","Los Taques"
"par_fal_los_taques_judibana","mun_fal_los_taques","Judibana"
"par_fal_manaure_cacique_manaure","mun_fal_cacique_manaure","Cacique Manaure"
"par_fal_mauroa_mene_de_mauroa","mun_fal_mauroa","Mene de Mauroa"
"par_fal_mauroa_san_felix","mun_fal_mauroa","San Félix"
"par_fal_mauroa_casigua","mun_fal_mauroa","Casigua"
"par_fal_miranda_guzman_guillermo","mun_fal_miranda","Guzmán Guillermo"
"par_fal_miranda_mitare","mun_fal_miranda","Mitare"
"par_fal_miranda_rio_seco","mun_fal_miranda","Río Seco"
"par_fal_miranda_sabaneta","mun_fal_miranda","Sabaneta"
"par_fal_miranda_san_antonio","mun_fal_miranda","San Antonio"
"par_fal_miranda_san_gabriel","mun_fal_miranda","San Gabriel"
"par_fal_miranda_santa_ana","mun_fal_miranda","Santa Ana"
"par_fal_monsenor_iturriza_boca_del_tocuyo","mun_fal_monsenor_iturriza","Boca del Tocuyo"
"par_fal_monsenor_iturriza_chichiriviche","mun_fal_monsenor_iturriza","Chichiriviche"
"par_fal_monsenor_iturriza_tocuyo_de_la_costa","mun_fal_monsenor_iturriza","Tocuyo de la Costa"
"par_fal_palmasola_palmasola","mun_fal_palmasola","Palmasola"
"par_fal_petit_cabure","mun_fal_petit","Cabure"
"par_fal_petit_colina","mun_fal_petit","Colina"
"par_fal_petit_curimagua","mun_fal_petit","Curimagua"
"par_fal_piritu_san_jose_de_la_costa","mun_fal_piritu","San José de la Costa"
"par_fal_piritu_piritu","mun_fal_piritu","Píritu"
"par_fal_san_francisco_capital_san_francisco","mun_fal_san_francisco","Capital San Francisco"
"par_fal_sucre_sucre","mun_fal_sucre","Sucre"
"par_fal_sucre_pecaya","mun_fal_sucre","Pecaya"
"par_fal_silva_tucacas","mun_fal_silva","Tucacas"
"par_fal_silva_boca_de_aroa","mun_fal_silva","Boca de Aroa"
"par_fal_tocopero_tocopero","mun_fal_tocopero","Tocópero"
"par_fal_union_el_charal","mun_fal_union","El Charal"
"par_fal_union_las_vegas_del_tuy","mun_fal_union","Las Vegas del Tuy"
"par_fal_union_santa_cruz_de_bucaral","mun_fal_union","Santa Cruz de Bucaral"
"par_fal_urumaco_bruzual","mun_fal_urumaco","Bruzual"
"par_fal_urumaco_urumaco","mun_fal_urumaco","Urumaco"
"par_fal_zamora_puerto_cumarebo","mun_fal_zamora","Puerto Cumarebo"
"par_fal_zamora_la_cienaga","mun_fal_zamora","La Ciénaga"
"par_fal_zamora_la_soledad","mun_fal_zamora","La Soledad"
"par_fal_zamora_pueblo_cumarebo","mun_fal_zamora","Pueblo Cumarebo"
"par_fal_zamora_zazarida","mun_fal_zamora","Zazárida"
"par_gua_camaguan_camaguan","mun_gua_camaguan","Camaguán"
"par_gua_camaguan_puerto_miranda","mun_gua_camaguan","Puerto Miranda"
"par_gua_camaguan_uverito","mun_gua_camaguan","Uverito"
"par_gua_chaguaramas_chaguaramas","mun_gua_chaguaramas","Chaguaramas"
"par_gua_el_socorro_el_socorro","mun_gua_el_socorro","El Socorro"
"par_gua_infante_valle_de_la_pascua","mun_gua_leonardo_infante","Valle de la Pascua"
"par_gua_infante_espino","mun_gua_leonardo_infante","Espino"
"par_gua_las_mercedes_las_mercedes","mun_gua_las_mercedes","Las Mercedes"
"par_gua_las_mercedes_cabruta","mun_gua_las_mercedes","Cabruta"
"par_gua_las_mercedes_santa_rita_de_manapire","mun_gua_las_mercedes","Santa Rita de Manapire"
"par_gua_mellado_el_sombrero","mun_gua_julian_mellado","El Sombrero"
"par_gua_mellado_sosa","mun_gua_julian_mellado","Sosa"
"par_gua_miranda_el_calvario","mun_gua_francisco_de_miranda","El Calvario"
"par_gua_miranda_el_rastro","mun_gua_francisco_de_miranda","El Rastro"
"par_gua_miranda_guardatinajas","mun_gua_francisco_de_miranda","Guardatinajas"
"par_gua_miranda_capital_urbana_calabozo","mun_gua_francisco_de_miranda","Capital Urbana Calabozo"
"par_gua_monagas_altagracia_de_orituco","mun_gua_jose_tadeo_monagas","Altagracia de Orituco"
"par_gua_monagas_san_rafael_de_orituco","mun_gua_jose_tadeo_monagas","San Rafael de Orituco"
"par_gua_monagas_san_francisco_javier_de_lezama","mun_gua_jose_tadeo_monagas","San Francisco Javier de Lezama"
"par_gua_monagas_paso_real_de_macaira","mun_gua_jose_tadeo_monagas","Paso Real de Macaira"
"par_gua_monagas_carlos_soublette","mun_gua_jose_tadeo_monagas","Carlos Soublette"
"par_gua_monagas_san_francisco_de_macaira","mun_gua_jose_tadeo_monagas","San Francisco de Macaira"
"par_gua_monagas_libertad_de_orituco","mun_gua_jose_tadeo_monagas","Libertad de Orituco"
"par_gua_ortiz_san_jose_de_tiznados","mun_gua_ortiz","San José de Tiznados"
"par_gua_ortiz_san_francisco_de_tiznados","mun_gua_ortiz","San Francisco de Tiznados"
"par_gua_ortiz_san_lorenzo_de_tiznados","mun_gua_ortiz","San Lorenzo de Tiznados"
"par_gua_ortiz_ortiz","mun_gua_ortiz","Ortiz"
"par_gua_ribas_tucupido","mun_gua_jose_felix_ribas","Tucupido"
"par_gua_ribas_san_rafael_de_laya","mun_gua_jose_felix_ribas","San Rafael de Laya"
"par_gua_roscio_cantagallo","mun_gua_juan_german_roscio","Cantagallo"
"par_gua_roscio_san_juan_de_los_morros","mun_gua_juan_german_roscio","San Juan de los Morros"
"par_gua_roscio_parapara","mun_gua_juan_german_roscio","Parapara"
"par_gua_san_geronimo_de_guayabal_guayabal","mun_gua_san_geronimo_de_guayabal","Guayabal"
"par_gua_san_geronimo_de_guayabal_cazorla","mun_gua_san_geronimo_de_guayabal","Cazorla"
"par_gua_san_jose_de_guaribe_san_jose_de_guaribe","mun_gua_san_jose_de_guaribe","San José de Guaribe"
"par_gua_san_jose_de_guaribe_uveral","mun_gua_san_jose_de_guaribe","Uveral"
"par_gua_santa_maria_de_ipire_santa_maria_de_ipire","mun_gua_santa_maria_de_ipire","Santa María de Ipire"
"par_gua_santa_maria_de_ipire_altamira","mun_gua_santa_maria_de_ipire","Altamira"
"par_gua_zaraza_unare","mun_gua_pedro_zaraza","Unare"
"par_gua_zaraza_zaraza","mun_gua_pedro_zaraza","Zaraza"
"par_lar_andres_eloy_blanco_quebrada_honda_de_guache","mun_lar_andres_eloy_blanco","Quebrada Honda de Guache"
"par_lar_andres_eloy_blanco_pio_tamayo","mun_lar_andres_eloy_blanco","Pío Tamayo"
"par_lar_andres_eloy_blanco_yacambu","mun_lar_andres_eloy_blanco","Yacambú"
"par_lar_crespo_freitez","mun_lar_crespo","Freitez"
"par_lar_crespo_jose_maria_blanco","mun_lar_crespo","José María Blanco"
"par_lar_iribarren_catedral","mun_lar_iribarren","Catedral"
"par_lar_iribarren_concepcion","mun_lar_iribarren","Concepción"
"par_lar_iribarren_el_cuji","mun_lar_iribarren","El Cují"
"par_lar_iribarren_juan_de_villegas","mun_lar_iribarren","Juan de Villegas"
"par_lar_iribarren_santa_rosa","mun_lar_iribarren","Santa Rosa"
"par_lar_iribarren_tamaca","mun_lar_iribarren","Tamaca"
"par_lar_iribarren_union","mun_lar_iribarren","Unión"
"par_lar_iribarren_aguedo_felipe_alvarado","mun_lar_iribarren","Aguedo Felipe Alvarado"
"par_lar_iribarren_buena_vista","mun_lar_iribarren","Buena Vista"
"par_lar_iribarren_juarez","mun_lar_iribarren","Juárez"
"par_lar_jimenez_juan_bautista_rodriguez","mun_lar_jimenez","Juan Bautista Rodríguez"
"par_lar_jimenez_cuara","mun_lar_jimenez","Cuara"
"par_lar_jimenez_diego_de_lozada","mun_lar_jimenez","Diego de Lozada"
"par_lar_jimenez_paraiso_de_san_jose","mun_lar_jimenez","Paraíso de San José"
"par_lar_jimenez_san_miguel","mun_lar_jimenez","San Miguel"
"par_lar_jimenez_tintorero","mun_lar_jimenez","Tintorero"
"par_lar_jimenez_jose_bernardo_dorante","mun_lar_jimenez","José Bernardo Dorante"
"par_lar_jimenez_coronel_mariano_peraza","mun_lar_jimenez","Coronel Mariano Peraza"
"par_lar_moran_anzoategui","mun_lar_moran","Anzoátegui"
"par_lar_moran_bolivar","mun_lar_moran","Bolívar"
"par_lar_moran_guarico","mun_lar_moran","Guárico"
"par_lar_moran_hilario_luna_y_luna","mun_lar_moran","Hilario Luna y Luna"
"par_lar_moran_humocaro_bajo","mun_lar_moran","Humocaro Bajo"
"par_lar_moran_humocaro_alto","mun_lar_moran","Humocaro Alto"
"par_lar_moran_la_candelaria","mun_lar_moran","La Candelaria"
"par_lar_moran_moran","mun_lar_moran","Morán"
"par_lar_palavecino_cabudare","mun_lar_palavecino","Cabudare"
"par_lar_palavecino_jose_gregorio_bastidas","mun_lar_palavecino","José Gregorio Bastidas"
"par_lar_palavecino_agua_viva","mun_lar_palavecino","Agua Viva"
"par_lar_simon_planas_buria","mun_lar_simon_planas","Buría"
"par_lar_simon_planas_gustavo_vega","mun_lar_simon_planas","Gustavo Vega"
"par_lar_simon_planas_sarare","mun_lar_simon_planas","Sarare"
"par_lar_torres_altagracia","mun_lar_torres","Altagracia"
"par_lar_torres_antonio_diaz","mun_lar_torres","Antonio Díaz"
"par_lar_torres_camacaro","mun_lar_torres","Camacaro"
"par_lar_torres_castaneda","mun_lar_torres","Castañeda"
"par_lar_torres_cecilio_zubillaga","mun_lar_torres","Cecilio Zubillaga"
"par_lar_torres_chiquinquira","mun_lar_torres","Chiquinquira"
"par_lar_torres_el_blanco","mun_lar_torres","El Blanco"
"par_lar_torres_espinoza_de_los_monteros","mun_lar_torres","Espinoza de los Monteros"
"par_lar_torres_heriberto_arrollo","mun_lar_torres","Heriberto Arrollo"
"par_lar_torres_lara","mun_lar_torres","Lara"
"par_lar_torres_las_mercedes","mun_lar_torres","Las Mercedes"
"par_lar_torres_manuel_morillo","mun_lar_torres","Manuel Morillo"
"par_lar_torres_montana_verde","mun_lar_torres","Montaña Verde"
"par_lar_torres_montes_de_oca","mun_lar_torres","Montes de Oca"
"par_lar_torres_reyes_de_vargas","mun_lar_torres","Reyes de Vargas"
"par_lar_torres_torres","mun_lar_torres","Torres"
"par_lar_torres_trinidad_samuel","mun_lar_torres","Trinidad Samuel"
"par_lar_urdaneta_siquisique","mun_lar_urdaneta","Siquisique"
"par_lar_urdaneta_san_miguel","mun_lar_urdaneta","San Miguel"
"par_lar_urdaneta_moroturo","mun_lar_urdaneta","Moroturo"
"par_lar_urdaneta_xaguas","mun_lar_urdaneta","Xaguas"
"par_mer_alberto_adriani_presidente_betancourt","mun_mer_alberto_adriani","Presidente Betancourt"
"par_mer_alberto_adriani_presidente_paez","mun_mer_alberto_adriani","Presidente Páez"
"par_mer_alberto_adriani_presidente_romulo_gallegos","mun_mer_alberto_adriani","Presidente Rómulo Gallegos"
"par_mer_alberto_adriani_gabriel_picon_gonzalez","mun_mer_alberto_adriani","Gabriel Picón González"
"par_mer_alberto_adriani_hector_amable_mora","mun_mer_alberto_adriani","Héctor Amable Mora"
"par_mer_alberto_adriani_jose_nucete_sardi","mun_mer_alberto_adriani","José Nucete Sardi"
"par_mer_alberto_adriani_pulido_mendez","mun_mer_alberto_adriani","Pulido Méndez"
"par_mer_andres_bello_la_azulita","mun_mer_andres_bello","La Azulita"
"par_mer_antonio_pinto_salinas_santa_cruz_de_mora","mun_mer_antonio_pinto_salinas","Santa Cruz de Mora"
"par_mer_antonio_pinto_salinas_mesa_bolivar","mun_mer_antonio_pinto_salinas","Mesa Bolívar"
"par_mer_antonio_pinto_salinas_mesa_de_las_palmas","mun_mer_antonio_pinto_salinas","Mesa de Las Palmas"
"par_mer_aricagua_aricagua","mun_mer_aricagua","Aricagua"
"par_mer_aricagua_san_antonio","mun_mer_aricagua","San Antonio"
"par_mer_arzobispo_chacon_canagua","mun_mer_arzobispo_chacon","Canagua"
"par_mer_arzobispo_chacon_capuri","mun_mer_arzobispo_chacon","Capurí"
"par_mer_arzobispo_chacon_chacanta","mun_mer_arzobispo_chacon","Chacantá"
"par_mer_arzobispo_chacon_el_molino","mun_mer_arzobispo_chacon","El Molino"
"par_mer_arzobispo_chacon_guaimaral","mun_mer_arzobispo_chacon","Guaimaral"
"par_mer_arzobispo_chacon_mucutuy","mun_mer_arzobispo_chacon","Mucutuy"
"par_mer_arzobispo_chacon_mucuchachi","mun_mer_arzobispo_chacon","Mucuchachí"
"par_mer_campo_elias_fernandez_pena","mun_mer_campo_elias","Fernández Peña"
"par_mer_campo_elias_matriz","mun_mer_campo_elias","Matriz"
"par_mer_campo_elias_montalban","mun_mer_campo_elias","Montalbán"
"par_mer_campo_elias_acequias","mun_mer_campo_elias","Acequias"
"par_mer_campo_elias_jaji","mun_mer_campo_elias","Jají"
"par_mer_campo_elias_la_mesa","mun_mer_campo_elias","La Mesa"
"par_mer_campo_elias_san_jose_del_sur","mun_mer_campo_elias","San José del Sur"
"par_mer_caracciolo_parra_olmedo_tucani","mun_mer_caracciolo_parra_olmedo","Tucaní"
"par_mer_caracciolo_parra_olmedo_florencio_ramirez","mun_mer_caracciolo_parra_olmedo","Florencio Ramírez"
"par_mer_cardenal_quintero_santo_domingo","mun_mer_cardenal_quintero","Santo Domingo"
"par_mer_cardenal_quintero_las_piedras","mun_mer_cardenal_quintero","Las Piedras"
"par_mer_guaraque_guaraque","mun_mer_guaraque","Guaraque"
"par_mer_guaraque_mesa_de_quintero","mun_mer_guaraque","Mesa de Quintero"
"par_mer_guaraque_rio_negro","mun_mer_guaraque","Río Negro"
"par_mer_julio_cesar_salas_arapuey","mun_mer_julio_cesar_salas","Arapuey"
"par_mer_julio_cesar_salas_palmira","mun_mer_julio_cesar_salas","Palmira"
"par_mer_justo_briceno_san_cristobal_de_torondoy","mun_mer_justo_briceno","San Cristóbal de Torondoy"
"par_mer_justo_briceno_torondoy","mun_mer_justo_briceno","Torondoy"
"par_mer_libertador_antonio_spinetti_dini","mun_mer_libertador","Antonio Spinetti Dini"
"par_mer_libertador_arias","mun_mer_libertador","Arias"
"par_mer_libertador_caracciolo_parra_perez","mun_mer_libertador","Caracciolo Parra Pérez"
"par_mer_libertador_domingo_pena","mun_mer_libertador","Domingo Peña"
"par_mer_libertador_el_llano","mun_mer_libertador","El Llano"
"par_mer_libertador_gonzalo_picon_febres","mun_mer_libertador","Gonzalo Picón Febres"
"par_mer_libertador_jacinto_plaza","mun_mer_libertador","Jacinto Plaza"
"par_mer_libertador_juan_rodriguez_suarez","mun_mer_libertador","Juan Rodríguez Suárez"
"par_mer_libertador_lasso_de_la_vega","mun_mer_libertador","Lasso de la Vega"
"par_mer_libertador_mariano_picon_salas","mun_mer_libertador","Mariano Picón Salas"
"par_mer_libertador_milla","mun_mer_libertador","Milla"
"par_mer_libertador_osuna_rodriguez","mun_mer_libertador","Osuna Rodríguez"
"par_mer_libertador_sagrario","mun_mer_libertador","Sagrario"
"par_mer_libertador_el_morro","mun_mer_libertador","El Morro"
"par_mer_libertador_los_nevados","mun_mer_libertador","Los Nevados"
"par_mer_miranda_andres_eloy_blanco","mun_mer_miranda","Andrés Eloy Blanco"
"par_mer_miranda_la_venta","mun_mer_miranda","La Venta"
"par_mer_miranda_pinango","mun_mer_miranda","Piñango"
"par_mer_miranda_timotes","mun_mer_miranda","Timotes"
"par_mer_obispo_ramos_de_lora_eloy_paredes","mun_mer_obispo_ramos_de_lora","Eloy Paredes"
"par_mer_obispo_ramos_de_lora_san_rafael_de_alcazar","mun_mer_obispo_ramos_de_lora","San Rafael de Alcázar"
"par_mer_obispo_ramos_de_lora_santa_elena_de_arenales","mun_mer_obispo_ramos_de_lora","Santa Elena de Arenales"
"par_mer_padre_noguera_santa_maria_de_caparo","mun_mer_padre_noguera","Santa María de Caparo"
"par_mer_pueblo_llano_pueblo_llano","mun_mer_pueblo_llano","Pueblo Llano"
"par_mer_rangel_cacute","mun_mer_rangel","Cacute"
"par_mer_rangel_la_toma","mun_mer_rangel","La Toma"
"par_mer_rangel_mucuchies","mun_mer_rangel","Mucuchíes"
"par_mer_rangel_mucuruba","mun_mer_rangel","Mucurubá"
"par_mer_rangel_san_rafael","mun_mer_rangel","San Rafael"
"par_mer_rivas_davila_geronimo_maldonado","mun_mer_rivas_davila","Gerónimo Maldonado"
"par_mer_rivas_davila_bailadores","mun_mer_rivas_davila","Bailadores"
"par_mer_santos_marquina_tabay","mun_mer_santos_marquina","Tabay"
"par_mer_sucre_chiguara","mun_mer_sucre","Chiguará"
"par_mer_sucre_estanquez","mun_mer_sucre","Estánquez"
"par_mer_sucre_lagunillas","mun_mer_sucre","Lagunillas"
"par_mer_sucre_la_trampa","mun_mer_sucre","La Trampa"
"par_mer_sucre_pueblo_nuevo_del_sur","mun_mer_sucre","Pueblo Nuevo del Sur"
"par_mer_sucre_san_juan","mun_mer_sucre","San Juan"
"par_mer_tovar_el_amparo","mun_mer_tovar","El Amparo"
"par_mer_tovar_el_llano","mun_mer_tovar","El Llano"
"par_mer_tovar_san_francisco","mun_mer_tovar","San Francisco"
"par_mer_tovar_tovar","mun_mer_tovar","Tovar"
"par_mer_tulio_febres_cordero_independencia","mun_mer_tulio_febres_cordero","Independencia"
"par_mer_tulio_febres_cordero_maria_de_la_concepcion_palacios_blanco","mun_mer_tulio_febres_cordero","María de la Concepción Palacios Blanco"
"par_mer_tulio_febres_cordero_nueva_bolivia","mun_mer_tulio_febres_cordero","Nueva Bolivia"
"par_mer_tulio_febres_cordero_santa_apolonia","mun_mer_tulio_febres_cordero","Santa Apolonia"
"par_mer_zea_cano_el_tigre","mun_mer_zea","Caño El Tigre"
"par_mer_zea_zea","mun_mer_zea","Zea"
"par_mir_acevedo_araguita","mun_mir_acevedo","Aragüita"
"par_mir_acevedo_arevalo_gonzalez","mun_mir_acevedo","Arévalo González"
"par_mir_acevedo_capaya","mun_mir_acevedo","Capaya"
"par_mir_acevedo_caucagua","mun_mir_acevedo","Caucagua"
"par_mir_acevedo_panaquire","mun_mir_acevedo","Panaquire"
"par_mir_acevedo_ribas","mun_mir_acevedo","Ribas"
"par_mir_acevedo_el_cafe","mun_mir_acevedo","El Café"
"par_mir_acevedo_marizapa","mun_mir_acevedo","Marizapa"
"par_mir_andres_bello_cumbo","mun_mir_andres_bello","Cumbo"
"par_mir_andres_bello_san_jose_de_barlovento","mun_mir_andres_bello","San José de Barlovento"
"par_mir_baruta_el_cafetal","mun_mir_baruta","El Cafetal"
"par_mir_baruta_las_minas","mun_mir_baruta","Las Minas"
"par_mir_baruta_nuestra_senora_del_rosario","mun_mir_baruta","Nuestra Señora del Rosario"
"par_mir_brion_higuerote","mun_mir_brion","Higuerote"
"par_mir_brion_curiepe","mun_mir_brion","Curiepe"
"par_mir_brion_tacarigua_de_brion","mun_mir_brion","Tacarigua de Brión"
"par_mir_buroz_mamporal","mun_mir_buroz","Mamporal"
"par_mir_carrizal_carrizal","mun_mir_carrizal","Carrizal"
"par_mir_chacao_chacao","mun_mir_chacao","Chacao"
"par_mir_cristobal_rojas_charallave","mun_mir_cristobal_rojas","Charallave"
"par_mir_cristobal_rojas_las_brisas","mun_mir_cristobal_rojas","Las Brisas"
"par_mir_el_hatillo_el_hatillo","mun_mir_el_hatillo","El Hatillo"
"par_mir_guaicaipuro_altagracia_de_la_montana","mun_mir_guaicaipuro","Altagracia de la Montaña"
"par_mir_guaicaipuro_cecilio_acosta","mun_mir_guaicaipuro","Cecilio Acosta"
"par_mir_guaicaipuro_los_teques","mun_mir_guaicaipuro","Los Teques"
"par_mir_guaicaipuro_el_jarillo","mun_mir_guaicaipuro","El Jarillo"
"par_mir_guaicaipuro_san_pedro","mun_mir_guaicaipuro","San Pedro."
"par_mir_guaicaipuro_tacata","mun_mir_guaicaipuro","Tácata"
"par_mir_guaicaipuro_paracotos","mun_mir_guaicaipuro","Paracotos"
"par_mir_independencia_cartanal","mun_mir_independencia","Cartanal"
"par_mir_independencia_santa_teresa_del_tuy","mun_mir_independencia","Santa Teresa del Tuy"
"par_mir_lander_la_democracia","mun_mir_lander","La Democracia"
"par_mir_lander_ocumare_del_tuy","mun_mir_lander","Ocumare del Tuy"
"par_mir_lander_santa_barbara","mun_mir_lander","Santa Bárbara"
"par_mir_los_salias_san_antonio_de_los_altos","mun_mir_los_salias","San Antonio de los Altos"
"par_mir_paez_rio_chico","mun_mir_paez","Río Chico"
"par_mir_paez_el_guapo","mun_mir_paez","El Guapo"
"par_mir_paez_tacarigua_de_la_laguna","mun_mir_paez","Tacarigua de la Laguna"
"par_mir_paez_paparo","mun_mir_paez","Paparo"
"par_mir_paez_san_fernando_del_guapo","mun_mir_paez","San Fernando del Guapo"
"par_mir_paz_castillo_santa_lucia_del_tuy","mun_mir_paz_castillo","Santa Lucía del Tuy"
"par_mir_pedro_gual_cupira","mun_mir_pedro_gual","Cúpira"
"par_mir_pedro_gual_machurucuto","mun_mir_pedro_gual","Machurucuto"
"par_mir_plaza_guarenas","mun_mir_plaza","Guarenas"
"par_mir_simon_bolivar_san_antonio_de_yare","mun_mir_simon_bolivar","San Antonio de Yare"
"par_mir_simon_bolivar_san_francisco_de_yare","mun_mir_simon_bolivar","San Francisco de Yare"
"par_mir_sucre_leoncio_martinez","mun_mir_sucre","Leoncio Martínez"
"par_mir_sucre_petare","mun_mir_sucre","Petare"
"par_mir_sucre_caucaguita","mun_mir_sucre","Caucagüita"
"par_mir_sucre_filas_de_mariche","mun_mir_sucre","Filas de Mariche"
"par_mir_sucre_la_dolorita","mun_mir_sucre","La Dolorita"
"par_mir_urdaneta_cua","mun_mir_urdaneta","Cúa"
"par_mir_urdaneta_nueva_cua","mun_mir_urdaneta","Nueva Cúa"
"par_mir_zamora_guatire","mun_mir_zamora","Guatire"
"par_mir_zamora_bolivar","mun_mir_zamora","Bolívar"
"par_mon_acosta_san_antonio_de_maturin","mun_mon_acosta","San Antonio de Maturín"
"par_mon_acosta_san_francisco_de_maturin","mun_mon_acosta","San Francisco de Maturín"
"par_mon_aguasay_aguasay","mun_mon_aguasay","Aguasay"
"par_mon_bolivar_caripito","mun_mon_bolivar","Caripito"
"par_mon_caripe_el_guacharo","mun_mon_caripe","El Guácharo"
"par_mon_caripe_la_guanota","mun_mon_caripe","La Guanota"
"par_mon_caripe_sabana_de_piedra","mun_mon_caripe","Sabana de Piedra"
"par_mon_caripe_san_agustin","mun_mon_caripe","San Agustín"
"par_mon_caripe_teresen","mun_mon_caripe","Teresen"
"par_mon_caripe_caripe","mun_mon_caripe","Caripe"
"par_mon_cedeno_areo","mun_mon_cedeno","Areo"
"par_mon_cedeno_capital_cedeno","mun_mon_cedeno","Capital Cedeño"
"par_mon_cedeno_san_felix_de_cantalicio","mun_mon_cedeno","San Félix de Cantalicio"
"par_mon_cedeno_viento_fresco","mun_mon_cedeno","Viento Fresco"
"par_mon_ezequiel_zamora_el_tejero","mun_mon_ezequiel_zamora","El Tejero"
"par_mon_ezequiel_zamora_punta_de_mata","mun_mon_ezequiel_zamora","Punta de Mata"
"par_mon_libertador_chaguaramas","mun_mon_libertador","Chaguaramas"
"par_mon_libertador_las_alhuacas","mun_mon_libertador","Las Alhuacas"
"par_mon_libertador_tabasca","mun_mon_libertador","Tabasca"
"par_mon_libertador_temblador","mun_mon_libertador","Temblador"
"par_mon_maturin_alto_de_los_godos","mun_mon_maturin","Alto de los Godos"
"par_mon_maturin_boqueron","mun_mon_maturin","Boquerón"
"par_mon_maturin_las_cocuizas","mun_mon_maturin","Las Cocuizas"
"par_mon_maturin_la_cruz","mun_mon_maturin","La Cruz"
"par_mon_maturin_san_simon","mun_mon_maturin","San Simón"
"par_mon_maturin_el_corozo","mun_mon_maturin","El Corozo"
"par_mon_maturin_el_furrial","mun_mon_maturin","El Furrial"
"par_mon_maturin_jusepin","mun_mon_maturin","Jusepín"
"par_mon_maturin_la_pica","mun_mon_maturin","La Pica"
"par_mon_maturin_san_vicente","mun_mon_maturin","San Vicente"
"par_mon_piar_aparicio","mun_mon_piar","Aparicio"
"par_mon_piar_aragua_de_maturin","mun_mon_piar","Aragua de Maturín"
"par_mon_piar_chaguamal","mun_mon_piar","Chaguamal"
"par_mon_piar_el_pinto","mun_mon_piar","El Pinto"
"par_mon_piar_guanaguana","mun_mon_piar","Guanaguana"
"par_mon_piar_la_toscana","mun_mon_piar","La Toscana"
"par_mon_piar_taguaya","mun_mon_piar","Taguaya"
"par_mon_punceres_cachipo","mun_mon_punceres","Cachipo"
"par_mon_punceres_quiriquire","mun_mon_punceres","Quiriquire"
"par_mon_santa_barbara_santa_barbara","mun_mon_santa_barbara","Santa Bárbara"
"par_mon_sotillo_barrancas","mun_mon_sotillo","Barrancas"
"par_mon_sotillo_los_barrancos_de_fajardo","mun_mon_sotillo","Los Barrancos de Fajardo"
"par_mon_uracoa_uracoa","mun_mon_uracoa","Uracoa"
"par_nue_antolin_del_campo_antolin_del_campo","mun_nue_antolin_del_campo","Antolín del Campo"
"par_nue_arismendi_arismendi","mun_nue_arismendi","Arismendi"
"par_nue_diaz_san_juan_bautista","mun_nue_diaz","San Juan Bautista"
"par_nue_diaz_zabala","mun_nue_diaz","Zabala"
"par_nue_garcia_garcia","mun_nue_garcia","García"
"par_nue_garcia_francisco_fajardo","mun_nue_garcia","Francisco Fajardo"
"par_nue_gomez_bolivar","mun_nue_gomez","Bolívar"
"par_nue_gomez_guevara","mun_nue_gomez","Guevara"
"par_nue_gomez_cerro_de_matasiete","mun_nue_gomez","Cerro de Matasiete"
"par_nue_gomez_santa_ana","mun_nue_gomez","Santa Ana"
"par_nue_gomez_sucre","mun_nue_gomez","Sucre"
"par_nue_maneiro_aguirre","mun_nue_maneiro","Aguirre"
"par_nue_maneiro_maneiro","mun_nue_maneiro","Maneiro"
"par_nue_marcano_adrian","mun_nue_marcano","Adrián"
"par_nue_marcano_juan_griego","mun_nue_marcano","Juan Griego"
"par_nue_marcano_yaguaraparo","mun_nue_marcano","Yaguaraparo"
"par_nue_marino_porlamar","mun_nue_marino","Porlamar"
"par_nue_peninsula_de_macanao_san_francisco_de_macanao","mun_nue_peninsula_de_macanao","San Francisco de Macanao"
"par_nue_peninsula_de_macanao_boca_de_rio","mun_nue_peninsula_de_macanao","Boca de Río"
"par_nue_tubores_tubores","mun_nue_tubores","Tubores"
"par_nue_tubores_los_barales","mun_nue_tubores","Los Barales"
"par_nue_villalba_vicente_fuentes","mun_nue_villalba","Vicente Fuentes"
"par_nue_villalba_villalba","mun_nue_villalba","Villalba"
"par_por_agua_blanca_agua_blanca","mun_por_agua_blanca","Agua Blanca"
"par_por_araure_araure","mun_por_araure","Araure"
"par_por_araure_rio_acarigua","mun_por_araure","Río Acarigua"
"par_por_esteller_piritu","mun_por_esteller","Píritu"
"par_por_esteller_uveral","mun_por_esteller","Uveral"
"par_por_guanare_cordova","mun_por_guanare","Cordova"
"par_por_guanare_guanare","mun_por_guanare","Guanare"
"par_por_guanare_san_jose_de_la_montana","mun_por_guanare","San José de la Montaña"
"par_por_guanare_san_juan_de_guanaguanare","mun_por_guanare","San Juan de Guanaguanare"
"par_por_guanare_virgen_de_coromoto","mun_por_guanare","Virgen de Coromoto"
"par_por_guanarito_guanarito","mun_por_guanarito","Guanarito"
"par_por_guanarito_trinidad_de_la_capilla","mun_por_guanarito","Trinidad de la Capilla"
"par_por_guanarito_divina_pastora","mun_por_guanarito","Divina Pastora"
"par_por_monsenor_jose_vicente_de_unda_pena_blanca","mun_por_monsenor_jose_vicente_de_unda","Peña Blanca"
"par_por_ospino_aparicion","mun_por_ospino","Aparición"
"par_por_ospino_la_estacion","mun_por_ospino","La Estación"
"par_por_ospino_ospino","mun_por_ospino","Ospino"
"par_por_paez_acarigua","mun_por_paez","Acarigua"
"par_por_paez_payara","mun_por_paez","Payara"
"par_por_paez_pimpinela","mun_por_paez","Pimpinela"
"par_por_paez_ramon_peraza","mun_por_paez","Ramón Peraza"
"par_por_papelon_cano_delgadito","mun_por_papelon","Caño Delgadito"
"par_por_papelon_papelon","mun_por_papelon","Papelón"
"par_por_san_genaro_de_boconoito_antolin_tovar_anquino","mun_por_san_genaro_de_boconoito","Antolín Tovar Anquino"
"par_por_san_genaro_de_boconoito_boconoito","mun_por_san_genaro_de_boconoito","Boconoíto"
"par_por_san_rafael_de_onoto_santa_fe","mun_por_san_rafael_de_onoto","Santa Fé"
"par_por_san_rafael_de_onoto_san_rafael_de_onoto","mun_por_san_rafael_de_onoto","San Rafael de Onoto"
"par_por_san_rafael_de_onoto_thermo_morales","mun_por_san_rafael_de_onoto","Thermo Morales"
"par_por_santa_rosalia_florida","mun_por_santa_rosalia","Florida"
"par_por_santa_rosalia_el_playon","mun_por_santa_rosalia","El Playón"
"par_por_sucre_biscucuy","mun_por_sucre","Biscucuy"
"par_por_sucre_concepcion","mun_por_sucre","Concepción"
"par_por_sucre_san_jose_de_saguaz","mun_por_sucre","San José de Saguaz"
"par_por_sucre_san_rafael_de_palo_alzado","mun_por_sucre","San Rafael de Palo Alzado"
"par_por_sucre_uvencio_antonio_velasquez","mun_por_sucre","Uvencio Antonio Velásquez"
"par_por_sucre_villa_rosa","mun_por_sucre","Villa Rosa"
"par_por_turen_canelones","mun_por_turen","Canelones"
"par_por_turen_santa_cruz","mun_por_turen","Santa Cruz"
"par_por_turen_san_isidro_labrador","mun_por_turen","San Isidro Labrador"
"par_suc_andres_eloy_blanco_marino","mun_suc_andres_eloy_blanco","Mariño"
"par_suc_andres_eloy_blanco_romulo_gallegos","mun_suc_andres_eloy_blanco","Rómulo Gallegos"
"par_suc_andres_mata_san_jose_de_aerocuar","mun_suc_andres_mata","San José de Aerocuar"
"par_suc_andres_mata_tavera_acosta","mun_suc_andres_mata","Tavera Acosta"
"par_suc_arismendi_rio_caribe","mun_suc_arismendi","Río Caribe"
"par_suc_arismendi_antonio_jose_de_sucre","mun_suc_arismendi","Antonio José de Sucre"
"par_suc_arismendi_el_morro_de_puerto_santo","mun_suc_arismendi","El Morro de Puerto Santo"
"par_suc_arismendi_puerto_santo","mun_suc_arismendi","Puerto Santo"
"par_suc_arismendi_san_juan_de_las_galdonas","mun_suc_arismendi","San Juan de las Galdonas"
"par_suc_benitez_el_pilar","mun_suc_benitez","El Pilar"
"par_suc_benitez_el_rincon","mun_suc_benitez","El Rincón"
"par_suc_benitez_general_francisco_antonio_vaquez","mun_suc_benitez","General Francisco Antonio Váquez"
"par_suc_benitez_guaraunos","mun_suc_benitez","Guaraúnos"
"par_suc_benitez_tunapuicito","mun_suc_benitez","Tunapuicito"
"par_suc_benitez_union","mun_suc_benitez","Unión"
"par_suc_bermudez_santa_catalina","mun_suc_bermudez","Santa Catalina"
"par_suc_bermudez_santa_rosa","mun_suc_bermudez","Santa Rosa"
"par_suc_bermudez_santa_teresa","mun_suc_bermudez","Santa Teresa"
"par_suc_bermudez_bolivar","mun_suc_bermudez","Bolívar"
"par_suc_bermudez_maracapana","mun_suc_bermudez","Maracapana"
"par_suc_cajigal_libertad","mun_suc_cajigal","Libertad"
"par_suc_cajigal_el_paujil","mun_suc_cajigal","El Paujil"
"par_suc_cajigal_yaguaraparo","mun_suc_cajigal","Yaguaraparo"
"par_suc_cruz_salmeron_acosta_cruz_salmeron_acosta","mun_suc_cruz_salmeron_acosta","Cruz Salmerón Acosta"
"par_suc_cruz_salmeron_acosta_chacopata","mun_suc_cruz_salmeron_acosta","Chacopata"
"par_suc_cruz_salmeron_acosta_manicuare","mun_suc_cruz_salmeron_acosta","Manicuare"
"par_suc_libertador_tunapuy","mun_suc_libertador","Tunapuy"
"par_suc_libertador_campo_elias","mun_suc_libertador","Campo Elías"
"par_suc_marino_irapa","mun_suc_marino","Irapa"
"par_suc_marino_campo_claro","mun_suc_marino","Campo Claro"
"par_suc_marino_maraval","mun_suc_marino","Maraval"
"par_suc_marino_san_antonio_de_irapa","mun_suc_marino","San Antonio de Irapa"
"par_suc_marino_soro","mun_suc_marino","Soro"
"par_suc_mejia_mejia","mun_suc_mejia","Mejía"
"par_suc_montes_cumanacoa","mun_suc_montes","Cumanacoa"
"par_suc_montes_arenas","mun_suc_montes","Arenas"
"par_suc_montes_aricagua","mun_suc_montes","Aricagua"
"par_suc_montes_cocollar","mun_suc_montes","Cocollar"
"par_suc_montes_san_fernando","mun_suc_montes","San Fernando"
"par_suc_montes_san_lorenzo","mun_suc_montes","San Lorenzo"
"par_suc_ribero_villa_frontado_muelle_de_cariaco","mun_suc_ribero","Villa Frontado (Muelle de Cariaco)"
"par_suc_ribero_catuaro","mun_suc_ribero","Catuaro"
"par_suc_ribero_rendon","mun_suc_ribero","Rendón"
"par_suc_ribero_san_cruz","mun_suc_ribero","San Cruz"
"par_suc_ribero_santa_maria","mun_suc_ribero","Santa María"
"par_suc_sucre_altagracia_cumana","mun_suc_sucre","Altagracia Cumaná"
"par_suc_sucre_santa_ines_cumana","mun_suc_sucre","Santa Inés Cumaná"
"par_suc_sucre_valentin_valiente_cumana","mun_suc_sucre","Valentín Valiente Cumaná"
"par_suc_sucre_ayacucho_cumana","mun_suc_sucre","Ayacucho Cumaná"
"par_suc_sucre_san_juan","mun_suc_sucre","San Juan"
"par_suc_sucre_raul_leoni","mun_suc_sucre","Raúl Leoni"
"par_suc_sucre_gran_mariscal","mun_suc_sucre","Gran Mariscal"
"par_suc_valdez_cristobal_colon","mun_suc_valdez","Cristóbal Colón"
"par_suc_valdez_bideau","mun_suc_valdez","Bideau"
"par_suc_valdez_punta_de_piedras","mun_suc_valdez","Punta de Piedras"
"par_suc_valdez_guiria","mun_suc_valdez","Güiria"
"par_tac_andres_bello_andres_bello","mun_tac_andres_bello","Andrés Bello"
"par_tac_antonio_romulo_costa_antonio_romulo_costa","mun_tac_antonio_romulo_costa","Antonio Rómulo Costa"
"par_tac_ayacucho_ayacucho","mun_tac_ayacucho","Ayacucho"
"par_tac_ayacucho_rivas_berti","mun_tac_ayacucho","Rivas Berti"
"par_tac_ayacucho_san_pedro_del_rio","mun_tac_ayacucho","San Pedro del Río"
"par_tac_bolivar_bolivar","mun_tac_bolivar","Bolívar"
"par_tac_bolivar_palotal","mun_tac_bolivar","Palotal"
"par_tac_bolivar_general_juan_vicente_gomez","mun_tac_bolivar","General Juan Vicente Gómez"
"par_tac_bolivar_isaias_medina_angarita","mun_tac_bolivar","Isaías Medina Angarita"
"par_tac_cardenas_cardenas","mun_tac_cardenas","Cárdenas"
"par_tac_cardenas_amenodoro_rangel_lamus","mun_tac_cardenas","Amenodoro Rangel Lamus"
"par_tac_cardenas_la_florida","mun_tac_cardenas","La Florida"
"par_tac_cordoba_cordoba","mun_tac_cordoba","Córdoba"
"par_tac_fernandez_feo_fernandez_feo","mun_tac_fernandez_feo","Fernández Feo"
"par_tac_fernandez_feo_alberto_adriani","mun_tac_fernandez_feo","Alberto Adriani"
"par_tac_fernandez_feo_santo_domingo","mun_tac_fernandez_feo","Santo Domingo"
"par_tac_francisco_de_miranda_francisco_de_miranda","mun_tac_francisco_de_miranda","Francisco de Miranda"
"par_tac_garcia_de_hevia_garcia_de_hevia","mun_tac_garcia_de_hevia","García de Hevia"
"par_tac_garcia_de_hevia_boca_de_grita","mun_tac_garcia_de_hevia","Boca de Grita"
"par_tac_garcia_de_hevia_jose_antonio_paez","mun_tac_garcia_de_hevia","José Antonio Páez"
"par_tac_guasimos_guasimos","mun_tac_guasimos","Guásimos"
"par_tac_independencia_independencia","mun_tac_independencia","Independencia"
"par_tac_independencia_juan_german_roscio","mun_tac_independencia","Juan Germán Roscio"
"par_tac_independencia_roman_cardenas","mun_tac_independencia","Román Cárdenas"
"par_tac_jauregui_jauregui","mun_tac_jauregui","Jáuregui"
"par_tac_jauregui_emilio_constantino_guerrero","mun_tac_jauregui","Emilio Constantino Guerrero"
"par_tac_jauregui_monsenor_miguel_antonio_salas","mun_tac_jauregui","Monseñor Miguel Antonio Salas"
"par_tac_jose_maria_vargas_jose_maria_vargas","mun_tac_jose_maria_vargas","José María Vargas"
"par_tac_junin_junin","mun_tac_junin","Junín"
"par_tac_junin_la_petrolea","mun_tac_junin","La Petrólea"
"par_tac_junin_quinimari","mun_tac_junin","Quinimarí"
"par_tac_junin_bramon","mun_tac_junin","Bramón"
"par_tac_libertad_libertad","mun_tac_libertad","Libertad"
"par_tac_libertad_cipriano_castro","mun_tac_libertad","Cipriano Castro"
"par_tac_libertad_manuel_felipe_rugeles","mun_tac_libertad","Manuel Felipe Rugeles"
"par_tac_libertador_capital_libertador","mun_tac_libertador","Capital Libertador"
"par_tac_libertador_doradas","mun_tac_libertador","Doradas"
"par_tac_libertador_emeterio_ochoa","mun_tac_libertador","Emeterio Ochoa"
"par_tac_libertador_san_joaquin_de_navay","mun_tac_libertador","San Joaquín de Navay"
"par_tac_lobatera_lobatera","mun_tac_lobatera","Lobatera"
"par_tac_lobatera_constitucion","mun_tac_lobatera","Constitución"
"par_tac_michelena_michelena","mun_tac_michelena","Michelena"
"par_tac_panamericano_panamericano","mun_tac_panamericano","Panamericano"
"par_tac_panamericano_la_palmita","mun_tac_panamericano","La Palmita"
"par_tac_pedro_maria_urena_pedro_maria_urena","mun_tac_pedro_maria_urena","Pedro María Ureña"
"par_tac_pedro_maria_urena_nueva_arcadia","mun_tac_pedro_maria_urena","Nueva Arcadia"
"par_tac_rafael_urdaneta_delicias","mun_tac_rafael_urdaneta","Delicias"
"par_tac_rafael_urdaneta_pecaya","mun_tac_rafael_urdaneta","Pecaya"
"par_tac_samuel_dario_maldonado_samuel_dario_maldonado","mun_tac_samuel_dario_maldonado","Samuel Darío Maldonado"
"par_tac_samuel_dario_maldonado_bocono","mun_tac_samuel_dario_maldonado","Boconó"
"par_tac_samuel_dario_maldonado_hernandez","mun_tac_samuel_dario_maldonado","Hernández"
"par_tac_san_cristobal_la_concordia","mun_tac_san_cristobal","La Concordia"
"par_tac_san_cristobal_san_juan_bautista","mun_tac_san_cristobal","San Juan Bautista"
"par_tac_san_cristobal_pedro_maria_morantes","mun_tac_san_cristobal","Pedro María Morantes"
"par_tac_san_cristobal_san_sebastian","mun_tac_san_cristobal","San Sebastián"
"par_tac_san_cristobal_dr_francisco_romero_lobo","mun_tac_san_cristobal","Dr. Francisco Romero Lobo"
"par_tac_seboruco_seboruco","mun_tac_seboruco","Seboruco"
"par_tac_simon_rodriguez_simon_rodriguez","mun_tac_simon_rodriguez","Simón Rodríguez"
"par_tac_sucre_sucre","mun_tac_sucre","Sucre"
"par_tac_sucre_eleazar_lopez_contreras","mun_tac_sucre","Eleazar López Contreras"
"par_tac_sucre_san_pablo","mun_tac_sucre","San Pablo"
"par_tac_torbes_san_jose_obrero","mun_tac_torbes","San José Obrero"
"par_tac_torbes_san_juan_eudes","mun_tac_torbes","San Juan Eudes"
"par_tac_uribante_uribante","mun_tac_uribante","Uribante"
"par_tac_uribante_cardenas","mun_tac_uribante","Cárdenas"
"par_tac_uribante_juan_pablo_penalosa","mun_tac_uribante","Juan Pablo Peñalosa"
"par_tac_uribante_potosi","mun_tac_uribante","Potosí"
"par_tac_san_judas_tadeo_san_judas_tadeo","mun_tac_san_judas_tadeo","San Judas Tadeo"
"par_tru_andres_bello_araguaney","mun_tru_andres_bello","Araguaney"
"par_tru_andres_bello_el_jaguito","mun_tru_andres_bello","El Jaguito"
"par_tru_andres_bello_la_esperanza","mun_tru_andres_bello","La Esperanza"
"par_tru_andres_bello_santa_isabel","mun_tru_andres_bello","Santa Isabel"
"par_tru_bocono_bocono","mun_tru_bocono","Boconó"
"par_tru_bocono_el_carmen","mun_tru_bocono","El Carmen"
"par_tru_bocono_mosquey","mun_tru_bocono","Mosquey"
"par_tru_bocono_ayacucho","mun_tru_bocono","Ayacucho"
"par_tru_bocono_burbusay","mun_tru_bocono","Burbusay"
"par_tru_bocono_general_ribas","mun_tru_bocono","General Ribas"
"par_tru_bocono_guaramacal","mun_tru_bocono","Guaramacal"
"par_tru_bocono_vega_de_guaramacal","mun_tru_bocono","Vega de Guaramacal"
"par_tru_bocono_monsenor_jauregui","mun_tru_bocono","Monseñor Jáuregui"
"par_tru_bocono_rafael_rangel","mun_tru_bocono","Rafael Rangel"
"par_tru_bocono_san_miguel","mun_tru_bocono","San Miguel"
"par_tru_bocono_san_jose","mun_tru_bocono","San José"
"par_tru_bolivar_sabana_grande","mun_tru_bolivar","Sabana Grande"
"par_tru_bolivar_cheregue","mun_tru_bolivar","Cheregüé"
"par_tru_bolivar_granados","mun_tru_bolivar","Granados"
"par_tru_candelaria_arnoldo_gabaldon","mun_tru_candelaria","Arnoldo Gabaldón"
"par_tru_candelaria_bolivia","mun_tru_candelaria","Bolivia"
"par_tru_candelaria_carrillo","mun_tru_candelaria","Carrillo"
"par_tru_candelaria_cegarra","mun_tru_candelaria","Cegarra"
"par_tru_candelaria_chejende","mun_tru_candelaria","Chejendé"
"par_tru_candelaria_manuel_salvador_ulloa","mun_tru_candelaria","Manuel Salvador Ulloa"
"par_tru_candelaria_san_jose","mun_tru_candelaria","San José"
"par_tru_carache_carache","mun_tru_carache","Carache"
"par_tru_carache_la_concepcion","mun_tru_carache","La Concepción"
"par_tru_carache_cuicas","mun_tru_carache","Cuicas"
"par_tru_carache_panamericana","mun_tru_carache","Panamericana"
"par_tru_carache_santa_cruz","mun_tru_carache","Santa Cruz"
"par_tru_escuque_escuque","mun_tru_escuque","Escuque"
"par_tru_escuque_la_union_el_alto_escuque","mun_tru_escuque","La Unión (El Alto Escuque)"
"par_tru_escuque_santa_rita","mun_tru_escuque","Santa Rita"
"par_tru_escuque_sabana_libre","mun_tru_escuque","Sabana Libre"
"par_tru_jose_felipe_marquez_canizalez_el_socorro","mun_tru_jose_felipe_marquez_canizales","El Socorro"
"par_tru_jose_felipe_marquez_canizalez_los_caprichos","mun_tru_jose_felipe_marquez_canizales","Los Caprichos"
"par_tru_jose_felipe_marquez_canizalez_antonio_jose_de_sucre","mun_tru_jose_felipe_marquez_canizales","Antonio José de Sucre"
"par_tru_juan_vicente_campos_elias_campo_elias","mun_tru_juan_vicente_campos_elias","Campo Elías"
"par_tru_juan_vicente_campos_elias_arnoldo_gabaldon","mun_tru_juan_vicente_campos_elias","Arnoldo Gabaldón"
"par_tru_la_ceiba_santa_apolonia","mun_tru_la_ceiba","Santa Apolonia"
"par_tru_la_ceiba_el_progreso","mun_tru_la_ceiba","El Progreso"
"par_tru_la_ceiba_la_ceiba","mun_tru_la_ceiba","La Ceiba"
"par_tru_la_ceiba_tres_de_febrero","mun_tru_la_ceiba","Tres de Febrero"
"par_tru_miranda_el_dividive","mun_tru_miranda","El Dividive"
"par_tru_miranda_agua_santa","mun_tru_miranda","Agua Santa"
"par_tru_miranda_agua_caliente","mun_tru_miranda","Agua Caliente"
"par_tru_miranda_el_cenizo","mun_tru_miranda","El Cenizo"
"par_tru_miranda_valerita","mun_tru_miranda","Valerita"
"par_tru_monte_carmelo_monte_carmelo","mun_tru_monte_carmelo","Monte Carmelo"
"par_tru_monte_carmelo_buena_vista","mun_tru_monte_carmelo","Buena Vista"
"par_tru_monte_carmelo_santa_maria_del_horcon","mun_tru_monte_carmelo","Santa María del Horcón"
"par_tru_motatan_motatan","mun_tru_motatan","Motatán"
"par_tru_motatan_el_bano","mun_tru_motatan","El Baño"
"par_tru_motatan_jalisco","mun_tru_motatan","Jalisco"
"par_tru_pampan_pampan","mun_tru_pampan","Pampán"
"par_tru_pampan_flor_de_patria","mun_tru_pampan","Flor de Patria"
"par_tru_pampan_la_paz","mun_tru_pampan","La Paz"
"par_tru_pampan_santa_ana","mun_tru_pampan","Santa Ana"
"par_tru_pampanito_pampanito","mun_tru_pampanito","Pampanito"
"par_tru_pampanito_la_concepcion","mun_tru_pampanito","La Concepción"
"par_tru_pampanito_pampanito_ii","mun_tru_pampanito","Pampanito II"
"par_tru_rafael_rangel_betijoque","mun_tru_rafael_rangel","Betijoque"
"par_tru_rafael_rangel_jose_gregorio_hernandez","mun_tru_rafael_rangel","José Gregorio Hernández"
"par_tru_rafael_rangel_la_pueblita","mun_tru_rafael_rangel","La Pueblita"
"par_tru_rafael_rangel_los_cedros","mun_tru_rafael_rangel","Los Cedros"
"par_tru_san_rafael_de_carvajal_carvajal","mun_tru_san_rafael_de_carvajal","Carvajal"
"par_tru_san_rafael_de_carvajal_campo_alegre","mun_tru_san_rafael_de_carvajal","Campo Alegre"
"par_tru_san_rafael_de_carvajal_antonio_nicolas_briceno","mun_tru_san_rafael_de_carvajal","Antonio Nicolás Briceño"
"par_tru_san_rafael_de_carvajal_jose_leonardo_suarez","mun_tru_san_rafael_de_carvajal","José Leonardo Suárez"
"par_tru_sucre_sabana_de_mendoza","mun_tru_sucre","Sabana de Mendoza"
"par_tru_sucre_junin","mun_tru_sucre","Junín"
"par_tru_sucre_valmore_rodriguez","mun_tru_sucre","Valmore Rodríguez"
"par_tru_sucre_el_paraiso","mun_tru_sucre","El Paraíso"
"par_tru_trujillo_andres_linares","mun_tru_trujillo","Andrés Linares"
"par_tru_trujillo_chiquinquira","mun_tru_trujillo","Chiquinquirá"
"par_tru_trujillo_cristobal_mendoza","mun_tru_trujillo","Cristóbal Mendoza"
"par_tru_trujillo_cruz_carrillo","mun_tru_trujillo","Cruz Carrillo"
"par_tru_trujillo_matriz","mun_tru_trujillo","Matriz"
"par_tru_trujillo_monsenor_carrillo","mun_tru_trujillo","Monseñor Carrillo"
"par_tru_trujillo_tres_esquinas","mun_tru_trujillo","Tres Esquinas"
"par_tru_urdaneta_cabimbu","mun_tru_urdaneta","Cabimbú"
"par_tru_urdaneta_jajo","mun_tru_urdaneta","Jajó"
"par_tru_urdaneta_la_mesa_de_esnujaque","mun_tru_urdaneta","La Mesa de Esnujaque"
"par_tru_urdaneta_santiago","mun_tru_urdaneta","Santiago"
"par_tru_urdaneta_tuname","mun_tru_urdaneta","Tuñame"
"par_tru_urdaneta_la_quebrada","mun_tru_urdaneta","La Quebrada"
"par_tru_valera_juan_ignacio_montilla","mun_tru_valera","Juan Ignacio Montilla"
"par_tru_valera_la_beatriz","mun_tru_valera","La Beatriz"
"par_tru_valera_la_puerta","mun_tru_valera","La Puerta"
"par_tru_valera_mendoza_del_valle_de_momboy","mun_tru_valera","Mendoza del Valle de Momboy"
"par_tru_valera_mercedes_diaz","mun_tru_valera","Mercedes Díaz"
"par_tru_valera_san_luis","mun_tru_valera","San Luis"
"par_var_vargas_caraballeda","mun_var_vargas","Caraballeda"
"par_var_vargas_carayaca","mun_var_vargas","Carayaca"
"par_var_vargas_carlos_soublette","mun_var_vargas","Carlos Soublette"
"par_var_vargas_caruao_chuspa","mun_var_vargas","Caruao Chuspa"
"par_var_vargas_catia_la_mar","mun_var_vargas","Catia La Mar"
"par_var_vargas_el_junko","mun_var_vargas","El Junko"
"par_var_vargas_la_guaira","mun_var_vargas","La Guaira"
"par_var_vargas_macuto","mun_var_vargas","Macuto"
"par_var_vargas_maiquetia","mun_var_vargas","Maiquetía"
"par_var_vargas_naiguata","mun_var_vargas","Naiguatá"
"par_var_vargas_urimare","mun_var_vargas","Urimare"
"par_yar_aristides_bastidas_aristides_bastidas","mun_yar_aristides_bastidas","Arístides Bastidas"
"par_yar_bolivar_bolivar","mun_yar_bolivar","Bolívar"
"par_yar_bruzual_chivacoa","mun_yar_bruzual","Chivacoa"
"par_yar_bruzual_campo_elias","mun_yar_bruzual","Campo Elías"
"par_yar_cocorote_cocorote","mun_yar_cocorote","Cocorote"
"par_yar_independencia_independencia","mun_yar_independencia","Independencia"
"par_yar_jose_antonio_paez_jose_antonio_paez","mun_yar_jose_antonio_paez","José Antonio Páez"
"par_yar_la_trinidad_la_trinidad","mun_yar_la_trinidad","La Trinidad"
"par_yar_manuel_monge_manuel_monge","mun_yar_manuel_monge","Manuel Monge"
"par_yar_nirgua_salom","mun_yar_nirgua","Salóm"
"par_yar_nirgua_temerla","mun_yar_nirgua","Temerla"
"par_yar_nirgua_nirgua","mun_yar_nirgua","Nirgua"
"par_yar_pena_san_andres","mun_yar_pena","San Andrés"
"par_yar_pena_yaritagua","mun_yar_pena","Yaritagua"
"par_yar_san_felipe_san_javier","mun_yar_san_felipe","San Javier"
"par_yar_san_felipe_albarico","mun_yar_san_felipe","Albarico"
"par_yar_san_felipe_san_felipe","mun_yar_san_felipe","San Felipe"
"par_yar_sucre_sucre","mun_yar_sucre","Sucre"
"par_yar_urachiche_urachiche","mun_yar_urachiche","Urachiche"
"par_yar_veroes_el_guayabo","mun_yar_veroes","El Guayabo"
"par_yar_veroes_farriar","mun_yar_veroes","Farriar"
"par_zul_almirante_padilla_isla_de_toas","mun_zul_almirante_padilla","Isla de Toas"
"par_zul_almirante_padilla_monagas","mun_zul_almirante_padilla","Monagas"
"par_zul_baralt_general_urdaneta","mun_zul_baralt","General Urdaneta"
"par_zul_baralt_libertador","mun_zul_baralt","Libertador"
"par_zul_baralt_marcelino_briceno","mun_zul_baralt","Marcelino Briceño"
"par_zul_baralt_pueblo_nuevo","mun_zul_baralt","Pueblo Nuevo"
"par_zul_baralt_manuel_guanipa_matos","mun_zul_baralt","Manuel Guanipa Matos"
"par_zul_cabimas_ambrosio","mun_zul_cabimas","Ambrosio"
"par_zul_cabimas_carmen_herrera","mun_zul_cabimas","Carmen Herrera"
"par_zul_cabimas_la_rosa","mun_zul_cabimas","La Rosa"
"par_zul_cabimas_german_rios_linares","mun_zul_cabimas","Germán Ríos Linares"
"par_zul_cabimas_san_benito","mun_zul_cabimas","San Benito"
"par_zul_cabimas_romulo_betancourt","mun_zul_cabimas","Rómulo Betancourt"
"par_zul_cabimas_jorge_hernandez","mun_zul_cabimas","Jorge Hernández"
"par_zul_cabimas_punta_gorda","mun_zul_cabimas","Punta Gorda"
"par_zul_cabimas_aristides_calvani","mun_zul_cabimas","Arístides Calvani"
"par_zul_catatumbo_encontrados","mun_zul_catatumbo","Encontrados"
"par_zul_catatumbo_udon_perez","mun_zul_catatumbo","Udón Pérez"
"par_zul_colon_moralito","mun_zul_colon","Moralito"
"par_zul_colon_san_carlos_del_zulia","mun_zul_colon","San Carlos del Zulia"
"par_zul_colon_santa_cruz_del_zulia","mun_zul_colon","Santa Cruz del Zulia"
"par_zul_colon_santa_barbara","mun_zul_colon","Santa Bárbara"
"par_zul_colon_urribarri","mun_zul_colon","Urribarrí"
"par_zul_francisco_javier_pulgar_carlos_quevedo","mun_zul_francisco_javier_pulgar","Carlos Quevedo"
"par_zul_francisco_javier_pulgar_francisco_javier_pulgar","mun_zul_francisco_javier_pulgar","Francisco Javier Pulgar"
"par_zul_francisco_javier_pulgar_simon_rodriguez","mun_zul_francisco_javier_pulgar","Simón Rodríguez"
"par_zul_francisco_javier_pulgar_guamo_gavilanes","mun_zul_francisco_javier_pulgar","Guamo-Gavilanes"
"par_zul_paez_sinamaica","mun_zul_paez","Sinamaica"
"par_zul_paez_alta_guajira","mun_zul_paez","Alta Guajira"
"par_zul_paez_elias_sanchez_rubio","mun_zul_paez","Elías Sánchez Rubio"
"par_zul_paez_guajira","mun_zul_paez","Guajira"
"par_zul_jesus_enrique_lossada_la_concepcion","mun_zul_jesus_enrique_lossada","La Concepción"
"par_zul_jesus_enrique_lossada_san_jose","mun_zul_jesus_enrique_lossada","San José"
"par_zul_jesus_enrique_lossada_mariano_parra_leon","mun_zul_jesus_enrique_lossada","Mariano Parra León"
"par_zul_jesus_enrique_lossada_jose_ramon_yepez","mun_zul_jesus_enrique_lossada","José Ramón Yépez"
"par_zul_jesus_maria_semprun_jesus_maria_semprun","mun_zul_jesus_maria_semprun","Jesús María Semprún"
"par_zul_jesus_maria_semprun_bari","mun_zul_jesus_maria_semprun","Barí"
"par_zul_la_canada_de_urdaneta_concepcion","mun_zul_la_canada_de_urdaneta","Concepción"
"par_zul_la_canada_de_urdaneta_andres_bello","mun_zul_la_canada_de_urdaneta","Andrés Bello"
"par_zul_la_canada_de_urdaneta_chiquinquira","mun_zul_la_canada_de_urdaneta","Chiquinquirá"
"par_zul_la_canada_de_urdaneta_el_carmelo","mun_zul_la_canada_de_urdaneta","El Carmelo"
"par_zul_la_canada_de_urdaneta_potreritos","mun_zul_la_canada_de_urdaneta","Potreritos"
"par_zul_lagunillas_libertad","mun_zul_lagunillas","Libertad"
"par_zul_lagunillas_alonso_de_ojeda","mun_zul_lagunillas","Alonso de Ojeda"
"par_zul_lagunillas_venezuela","mun_zul_lagunillas","Venezuela"
"par_zul_lagunillas_eleazar_lopez_contreras","mun_zul_lagunillas","Eleazar López Contreras"
"par_zul_lagunillas_campo_lara","mun_zul_lagunillas","Campo Lara"
"par_zul_machiques_de_perija_bartolome_de_las_casas","mun_zul_machiques_de_perija","Bartolomé de las Casas"
"par_zul_machiques_de_perija_libertad","mun_zul_machiques_de_perija","Libertad"
"par_zul_machiques_de_perija_rio_negro","mun_zul_machiques_de_perija","Río Negro"
"par_zul_machiques_de_perija_san_jose_de_perija","mun_zul_machiques_de_perija","San José de Perijá"
"par_zul_mara_san_rafael","mun_zul_mara","San Rafael"
"par_zul_mara_la_sierrita","mun_zul_mara","La Sierrita"
"par_zul_mara_las_parcelas","mun_zul_mara","Las Parcelas"
"par_zul_mara_luis_de_vicente","mun_zul_mara","Luis de Vicente"
"par_zul_mara_monsenor_marcos_sergio_godoy","mun_zul_mara","Monseñor Marcos Sergio Godoy"
"par_zul_mara_ricaurte","mun_zul_mara","Ricaurte"
"par_zul_mara_tamare","mun_zul_mara","Tamare"
"par_zul_maracaibo_antonio_borjas_romero","mun_zul_maracaibo","Antonio Borjas Romero"
"par_zul_maracaibo_bolivar","mun_zul_maracaibo","Bolívar"
"par_zul_maracaibo_cacique_mara","mun_zul_maracaibo","Cacique Mara"
"par_zul_maracaibo_carracciolo_parra_perez","mun_zul_maracaibo","Carracciolo Parra Pérez"
"par_zul_maracaibo_cecilio_acosta","mun_zul_maracaibo","Cecilio Acosta"
"par_zul_maracaibo_cristo_de_aranza","mun_zul_maracaibo","Cristo de Aranza"
"par_zul_maracaibo_coquivacoa","mun_zul_maracaibo","Coquivacoa"
"par_zul_maracaibo_chiquinquira","mun_zul_maracaibo","Chiquinquirá"
"par_zul_maracaibo_francisco_eugenio_bustamante","mun_zul_maracaibo","Francisco Eugenio Bustamante"
"par_zul_maracaibo_idelfonzo_vasquez","mun_zul_maracaibo","Idelfonzo Vásquez"
"par_zul_maracaibo_juana_de_avila","mun_zul_maracaibo","Juana de Ávila"
"par_zul_maracaibo_luis_hurtado_higuera","mun_zul_maracaibo","Luis Hurtado Higuera"
"par_zul_maracaibo_manuel_dagnino","mun_zul_maracaibo","Manuel Dagnino"
"par_zul_maracaibo_olegario_villalobos","mun_zul_maracaibo","Olegario Villalobos."
"par_zul_maracaibo_raul_leoni","mun_zul_maracaibo","Raúl Leoni"
"par_zul_maracaibo_santa_lucia","mun_zul_maracaibo","Santa Lucía"
"par_zul_maracaibo_venancio_pulgar","mun_zul_maracaibo","Venancio Pulgar"
"par_zul_maracaibo_san_isidro","mun_zul_maracaibo","San Isidro"
"par_zul_miranda_altagracia","mun_zul_miranda","Altagracia"
"par_zul_miranda_faria","mun_zul_miranda","Faría"
"par_zul_miranda_ana_maria_campos","mun_zul_miranda","Ana María Campos"
"par_zul_miranda_san_antonio","mun_zul_miranda","San Antonio"
"par_zul_miranda_san_jose","mun_zul_miranda","San José"
"par_zul_rosario_de_perija_donaldo_garcia","mun_zul_rosario_de_perija","Donaldo García"
"par_zul_rosario_de_perija_el_rosario","mun_zul_rosario_de_perija","El Rosario"
"par_zul_rosario_de_perija_sixto_zambrano","mun_zul_rosario_de_perija","Sixto Zambrano"
"par_zul_san_francisco_san_francisco","mun_zul_san_francisco","San Francisco"
"par_zul_san_francisco_el_bajo","mun_zul_san_francisco","El Bajo"
"par_zul_san_francisco_domitila_flores","mun_zul_san_francisco","Domitila Flores"
"par_zul_san_francisco_francisco_ochoa","mun_zul_san_francisco","Francisco Ochoa"
"par_zul_san_francisco_los_cortijos","mun_zul_san_francisco","Los Cortijos"
"par_zul_san_francisco_marcial_hernandez","mun_zul_san_francisco","Marcial Hernández"
"par_zul_santa_rita_santa_rita","mun_zul_santa_rita","Santa Rita"
"par_zul_santa_rita_el_mene","mun_zul_santa_rita","El Mene"
"par_zul_santa_rita_pedro_lucas_urribarri","mun_zul_santa_rita","Pedro Lucas Urribarrí"
"par_zul_santa_rita_jose_cenobio_urribarri","mun_zul_santa_rita","José Cenobio Urribarrí"
"par_zul_simon_bolivar_rafael_maria_baralt","mun_zul_simon_bolivar","Rafael Maria Baralt"
"par_zul_simon_bolivar_manuel_manrique","mun_zul_simon_bolivar","Manuel Manrique"
"par_zul_simon_bolivar_rafael_urdaneta","mun_zul_simon_bolivar","Rafael Urdaneta"
"par_zul_sucre_bobures","mun_zul_sucre","Bobures"
"par_zul_sucre_gibraltar","mun_zul_sucre","Gibraltar"
"par_zul_sucre_heras","mun_zul_sucre","Heras"
"par_zul_sucre_monsenor_arturo_alvarez","mun_zul_sucre","Monseñor Arturo Álvarez"
"par_zul_sucre_romulo_gallegos","mun_zul_sucre","Rómulo Gallegos"
"par_zul_sucre_el_batey","mun_zul_sucre","El Batey"
"par_zul_valmore_rodriguez_rafael_urdaneta","mun_zul_valmore_rodriguez","Rafael Urdaneta"
"par_zul_valmore_rodriguez_la_victoria","mun_zul_valmore_rodriguez","La Victoria"
"par_zul_valmore_rodriguez_raul_cuenca","mun_zul_valmore_rodriguez","Raúl Cuenca"
"par_dis_libertador_23_de_enero","mun_dis_libertador","23 de enero"
"par_dis_libertador_altagracia","mun_dis_libertador","Altagracia"
"par_dis_libertador_antimano","mun_dis_libertador","Antímano"
"par_dis_libertador_caricuao","mun_dis_libertador","Caricuao"
"par_dis_libertador_catedral","mun_dis_libertador","Catedral"
"par_dis_libertador_coche","mun_dis_libertador","Coche"
"par_dis_libertador_el_junquito","mun_dis_libertador","El Junquito"
"par_dis_libertador_el_paraiso","mun_dis_libertador","El Paraíso"
"par_dis_libertador_el_recreo","mun_dis_libertador","El Recreo"
"par_dis_libertador_el_valle","mun_dis_libertador","El Valle"
"par_dis_libertador_candelaria","mun_dis_libertador","Candelaria"
"par_dis_libertador_la_pastora","mun_dis_libertador","La Pastora"
"par_dis_libertador_la_vega","mun_dis_libertador","La Vega"
"par_dis_libertador_macarao","mun_dis_libertador","Macarao"
"par_dis_libertador_san_agustin","mun_dis_libertador","San Agustín"
"par_dis_libertador_san_bernardino","mun_dis_libertador","San Bernardino"
"par_dis_libertador_san_jose","mun_dis_libertador","San José"
"par_dis_libertador_san_juan","mun_dis_libertador","San Juan"
"par_dis_libertador_san_pedro","mun_dis_libertador","San Pedro"
"par_dis_libertador_santa_rosalia","mun_dis_libertador","Santa Rosalía"
"par_dis_libertador_santa_teresa","mun_dis_libertador","Santa Teresa"
"par_dis_libertador_sucre_catia","mun_dis_libertador","Sucre (Catia)"
