"id","country_id:id","name","code"
"state_ve_ama","base.ve","Amazonas","VE-Z"
"state_ve_anz","base.ve","Anzoátegui","VE-B"
"state_ve_apu","base.ve","Apure","VE-C"
"state_ve_ara","base.ve","Aragua","VE-D"
"state_ve_bar","base.ve","Barinas","VE-E"
"state_ve_bol","base.ve","Bolívar","VE-F"
"state_ve_car","base.ve","Carabobo","VE-G"
"state_ve_coj","base.ve","Cojedes","VE-H"
"state_ve_del","base.ve","Delta Amacuro","VE-Y"
"state_ve_dis","base.ve","Distrito Capital","VE-A"
"state_ve_fal","base.ve","Falcón","VE-I"
"state_ve_gua","base.ve","Guárico","VE-J"
"state_ve_lar","base.ve","Lara","VE-K"
"state_ve_mer","base.ve","Mérida","VE-L"
"state_ve_mir","base.ve","Miranda","VE-M"
"state_ve_mon","base.ve","Monagas","VE-N"
"state_ve_nue","base.ve","Nueva Esparta","VE-O"
"state_ve_por","base.ve","Portuguesa","VE-P"
"state_ve_suc","base.ve","Sucre","VE-R"
"state_ve_tac","base.ve","Táchira","VE-S"
"state_ve_tru","base.ve","Trujillo","VE-T"
"state_ve_var","base.ve","La Guaira","VE-X"
"state_ve_yar","base.ve","Yaracuy","VE-U"
"state_ve_zul","base.ve","Zulia","VE-V"