"id","state_id:id","name"
"mun_ama_alto_orinoco","state_ve_ama","Alto Orinoco"
"mun_ama_atabapo","state_ve_ama","Atabapo"
"mun_ama_atures","state_ve_ama","Atures"
"mun_ama_autana","state_ve_ama","Autana"
"mun_ama_manapiare","state_ve_ama","Manapiare"
"mun_ama_maroa","state_ve_ama","Maroa"
"mun_ama_rio_negro","state_ve_ama","Río Negro"
"mun_anz_anaco","state_ve_anz","Anaco"
"mun_anz_aragua","state_ve_anz","Aragua"
"mun_anz_bolivar","state_ve_anz","Bolívar"
"mun_anz_bruzual","state_ve_anz","Bruzual"
"mun_anz_cajigal","state_ve_anz","Cajigal"
"mun_anz_carvajal","state_ve_anz","Carvajal"
"mun_anz_diego_bautista_urbaneja","state_ve_anz","Diego Bautista Urbaneja"
"mun_anz_fernando_de_penalver","state_ve_anz","Fernando de Peñalver"
"mun_anz_francisco_del_carmen_carvajal","state_ve_anz","Francisco del Carmen Carvajal"
"mun_anz_francisco_de_miranda","state_ve_anz","Francisco de Miranda"
"mun_anz_guanta","state_ve_anz","Guanta"
"mun_anz_independencia","state_ve_anz","Independencia"
"mun_anz_jose_gregorio_monagas","state_ve_anz","José Gregorio Monagas"
"mun_anz_juan_antonio_sotillo","state_ve_anz","Juan Antonio Sotillo"
"mun_anz_juan_manuel_cajigal","state_ve_anz","Juan Manuel Cajigal"
"mun_anz_libertad","state_ve_anz","Libertad"
"mun_anz_manuel_ezequiel_bruzual","state_ve_anz","Manuel Ezequiel Bruzual"
"mun_anz_pedro_maria_freites","state_ve_anz","Pedro María Freites"
"mun_anz_piritu","state_ve_anz","Píritu"
"mun_anz_san_jose_de_guanipa","state_ve_anz","San José de Guanipa"
"mun_anz_san_juan_de_capistrano","state_ve_anz","San Juan de Capistrano"
"mun_anz_santa_ana","state_ve_anz","Santa Ana"
"mun_anz_simon_bolivar","state_ve_anz","Simón Bolívar"
"mun_anz_sir_arthur_mcgregor","state_ve_anz","Sir Arthur McGregor"
"mun_apu_achaguas","state_ve_apu","Achaguas"
"mun_apu_biruaca","state_ve_apu","Biruaca"
"mun_apu_munoz","state_ve_apu","Muñoz"
"mun_apu_paez","state_ve_apu","Páez"
"mun_apu_pedro_camejo","state_ve_apu","Pedro Camejo"
"mun_apu_romulo_gallegos","state_ve_apu","Rómulo Gallegos"
"mun_apu_san_fernando","state_ve_apu","San Fernando"
"mun_ara_bolivar","state_ve_ara","Bolívar"
"mun_ara_camatagua","state_ve_ara","Camatagua"
"mun_ara_francisco_linares_alcantara","state_ve_ara","Francisco Linares Alcántara"
"mun_ara_girardot","state_ve_ara","Girardot"
"mun_ara_jose_angel_lamas","state_ve_ara","José Ángel Lamas"
"mun_ara_jose_felix_ribas","state_ve_ara","José Félix Ribas"
"mun_ara_jose_rafael_revenga","state_ve_ara","José Rafael Revenga"
"mun_ara_libertador","state_ve_ara","Libertador"
"mun_ara_mario_briceno_iragorry","state_ve_ara","Mario Briceño Iragorry"
"mun_ara_ocumare_de_la_costa_de_oro","state_ve_ara","Ocumare de la Costa de Oro"
"mun_ara_san_casimiro","state_ve_ara","San Casimiro"
"mun_ara_san_sebastian","state_ve_ara","San Sebastián"
"mun_ara_santiago_marino","state_ve_ara","Santiago Mariño"
"mun_ara_santos_michelena","state_ve_ara","Santos Michelena"
"mun_ara_sucre","state_ve_ara","Sucre"
"mun_ara_tovar","state_ve_ara","Tovar"
"mun_ara_urdaneta","state_ve_ara","Urdaneta"
"mun_ara_zamora","state_ve_ara","Zamora"
"mun_bar_alberto_arvelo_torrealba","state_ve_bar","Alberto Arvelo Torrealba"
"mun_bar_andres_eloy_blanco","state_ve_bar","Andrés Eloy Blanco"
"mun_bar_antonio_jose_de_sucre","state_ve_bar","Antonio José de Sucre"
"mun_bar_arismendi","state_ve_bar","Arismendi"
"mun_bar_barinas","state_ve_bar","Barinas"
"mun_bar_bolivar","state_ve_bar","Bolívar"
"mun_bar_cruz_paredes","state_ve_bar","Cruz Paredes"
"mun_bar_ezequiel_zamora","state_ve_bar","Ezequiel Zamora"
"mun_bar_obispos","state_ve_bar","Obispos"
"mun_bar_pedraza","state_ve_bar","Pedraza"
"mun_bar_rojas","state_ve_bar","Rojas"
"mun_bar_sosa","state_ve_bar","Sosa"
"mun_bol_angostura","state_ve_bol","Angostura"
"mun_bol_caroni","state_ve_bol","Caroní"
"mun_bol_cedeno","state_ve_bol","Cedeño"
"mun_bol_el_callao","state_ve_bol","El Callao"
"mun_bol_gran_sabana","state_ve_bol","Gran Sabana"
"mun_bol_heres","state_ve_bol","Heres"
"mun_bol_padre_pedro_chien","state_ve_bol","Padre Pedro Chien"
"mun_bol_piar","state_ve_bol","Piar"
"mun_bol_raul_leoni","state_ve_bol","Raúl Leoni"
"mun_bol_roscio","state_ve_bol","Roscio"
"mun_bol_sifontes","state_ve_bol","Sifontes"
"mun_bol_sucre","state_ve_bol","Sucre"
"mun_car_bejuma","state_ve_car","Bejuma"
"mun_car_carlos_arvelo","state_ve_car","Carlos Arvelo"
"mun_car_diego_ibarra","state_ve_car","Diego Ibarra"
"mun_car_guacara","state_ve_car","Guacara"
"mun_car_juan_jose_mora","state_ve_car","Juan José Mora"
"mun_car_libertador","state_ve_car","Libertador"
"mun_car_los_guayos","state_ve_car","Los Guayos"
"mun_car_miranda","state_ve_car","Miranda"
"mun_car_montalban","state_ve_car","Montalbán"
"mun_car_naguanagua","state_ve_car","Naguanagua"
"mun_car_puerto_cabello","state_ve_car","Puerto Cabello"
"mun_car_san_diego","state_ve_car","San Diego"
"mun_car_san_joaquin","state_ve_car","San Joaquín"
"mun_car_valencia","state_ve_car","Valencia"
"mun_coj_anzoategui","state_ve_coj","Anzoátegui"
"mun_coj_el_pao_de_san_juan_bautista","state_ve_coj","El Pao de San Juan Bautista"
"mun_coj_falcon","state_ve_coj","Falcón"
"mun_coj_girardot","state_ve_coj","Girardot"
"mun_coj_lima_blanco","state_ve_coj","Lima Blanco"
"mun_coj_ricaurte","state_ve_coj","Ricaurte"
"mun_coj_romulo_gallegos","state_ve_coj","Rómulo Gallegos"
"mun_coj_san_carlos","state_ve_coj","San Carlos"
"mun_coj_tinaco","state_ve_coj","Tinaco"
"mun_coj_tinaquillo","state_ve_coj","Tinaquillo"
"mun_del_antonio_diaz","state_ve_del","Antonio Díaz"
"mun_del_casacoima","state_ve_del","Casacoima"
"mun_del_pedernales","state_ve_del","Pedernales"
"mun_del_tucupita","state_ve_del","Tucupita"
"mun_dis_libertador","state_ve_dis","Libertador"
"mun_fal_acosta","state_ve_fal","Acosta"
"mun_fal_bolivar","state_ve_fal","Bolívar"
"mun_fal_buchivacoa","state_ve_fal","Buchivacoa"
"mun_fal_cacique_manaure","state_ve_fal","Cacique Manaure"
"mun_fal_carirubana","state_ve_fal","Carirubana"
"mun_fal_colina","state_ve_fal","Colina"
"mun_fal_dabajuro","state_ve_fal","Dabajuro"
"mun_fal_democracia","state_ve_fal","Democracia"
"mun_fal_falcon","state_ve_fal","Falcón"
"mun_fal_federacion","state_ve_fal","Federación"
"mun_fal_jacura","state_ve_fal","Jacura"
"mun_fal_los_taques","state_ve_fal","Los Taques"
"mun_fal_mauroa","state_ve_fal","Mauroa"
"mun_fal_miranda","state_ve_fal","Miranda"
"mun_fal_monsenor_iturriza","state_ve_fal","Monseñor Iturriza"
"mun_fal_palmasola","state_ve_fal","Palmasola"
"mun_fal_petit","state_ve_fal","Petit"
"mun_fal_piritu","state_ve_fal","Píritu"
"mun_fal_san_francisco","state_ve_fal","San Francisco"
"mun_fal_silva","state_ve_fal","Silva"
"mun_fal_sucre","state_ve_fal","Sucre"
"mun_fal_tocopero","state_ve_fal","Tocópero"
"mun_fal_union","state_ve_fal","Unión"
"mun_fal_urumaco","state_ve_fal","Urumaco"
"mun_fal_zamora","state_ve_fal","Zamora"
"mun_gua_camaguan","state_ve_gua","Camaguán"
"mun_gua_chaguaramas","state_ve_gua","Chaguaramas"
"mun_gua_el_socorro","state_ve_gua","El Socorro"
"mun_gua_francisco_de_miranda","state_ve_gua","Francisco de Miranda"
"mun_gua_jose_felix_ribas","state_ve_gua","José Félix Ribas"
"mun_gua_jose_tadeo_monagas","state_ve_gua","José Tadeo Monagas"
"mun_gua_juan_german_roscio","state_ve_gua","Juan Germán Roscio"
"mun_gua_julian_mellado","state_ve_gua","Julián Mellado"
"mun_gua_las_mercedes","state_ve_gua","Las Mercedes"
"mun_gua_leonardo_infante","state_ve_gua","Leonardo Infante"
"mun_gua_ortiz","state_ve_gua","Ortiz"
"mun_gua_pedro_zaraza","state_ve_gua","Pedro Zaraza"
"mun_gua_san_geronimo_de_guayabal","state_ve_gua","San Gerónimo de Guayabal"
"mun_gua_san_jose_de_guaribe","state_ve_gua","San José de Guaribe"
"mun_gua_santa_maria_de_ipire","state_ve_gua","Santa María de Ipire"
"mun_lar_andres_eloy_blanco","state_ve_lar","Andrés Eloy Blanco"
"mun_lar_crespo","state_ve_lar","Crespo"
"mun_lar_iribarren","state_ve_lar","Iribarren"
"mun_lar_jimenez","state_ve_lar","Jiménez"
"mun_lar_moran","state_ve_lar","Morán"
"mun_lar_palavecino","state_ve_lar","Palavecino"
"mun_lar_simon_planas","state_ve_lar","Simón Planas"
"mun_lar_torres","state_ve_lar","Torres"
"mun_lar_urdaneta","state_ve_lar","Urdaneta"
"mun_mer_alberto_adriani","state_ve_mer","Alberto Adriani"
"mun_mer_andres_bello","state_ve_mer","Andrés Bello"
"mun_mer_antonio_pinto_salinas","state_ve_mer","Antonio Pinto Salinas"
"mun_mer_aricagua","state_ve_mer","Aricagua"
"mun_mer_arzobispo_chacon","state_ve_mer","Arzobispo Chacón"
"mun_mer_campo_elias","state_ve_mer","Campo Elías"
"mun_mer_caracciolo_parra_olmedo","state_ve_mer","Caracciolo Parra Olmedo"
"mun_mer_cardenal_quintero","state_ve_mer","Cardenal Quintero"
"mun_mer_guaraque","state_ve_mer","Guaraque"
"mun_mer_julio_cesar_salas","state_ve_mer","Julio César Salas"
"mun_mer_justo_briceno","state_ve_mer","Justo Briceño"
"mun_mer_libertador","state_ve_mer","Libertador"
"mun_mer_miranda","state_ve_mer","Miranda"
"mun_mer_obispo_ramos_de_lora","state_ve_mer","Obispo Ramos de Lora"
"mun_mer_padre_noguera","state_ve_mer","Padre Noguera"
"mun_mer_pueblo_llano","state_ve_mer","Pueblo Llano"
"mun_mer_rangel","state_ve_mer","Rangel"
"mun_mer_rivas_davila","state_ve_mer","Rivas Dávila"
"mun_mer_santos_marquina","state_ve_mer","Santos Marquina"
"mun_mer_sucre","state_ve_mer","Sucre"
"mun_mer_tovar","state_ve_mer","Tovar"
"mun_mer_tulio_febres_cordero","state_ve_mer","Tulio Febres Cordero"
"mun_mer_zea","state_ve_mer","Zea"
"mun_mir_acevedo","state_ve_mir","Acevedo"
"mun_mir_andres_bello","state_ve_mir","Andrés Bello"
"mun_mir_baruta","state_ve_mir","Baruta"
"mun_mir_brion","state_ve_mir","Brión"
"mun_mir_buroz","state_ve_mir","Buroz"
"mun_mir_carrizal","state_ve_mir","Carrizal"
"mun_mir_chacao","state_ve_mir","Chacao"
"mun_mir_cristobal_rojas","state_ve_mir","Cristóbal Rojas"
"mun_mir_el_hatillo","state_ve_mir","El Hatillo"
"mun_mir_guaicaipuro","state_ve_mir","Guaicaipuro"
"mun_mir_independencia","state_ve_mir","Independencia"
"mun_mir_lander","state_ve_mir","Lander"
"mun_mir_los_salias","state_ve_mir","Los Salias"
"mun_mir_paez","state_ve_mir","Páez"
"mun_mir_paz_castillo","state_ve_mir","Paz Castillo"
"mun_mir_pedro_gual","state_ve_mir","Pedro Gual"
"mun_mir_petare","state_ve_mir","Petare"
"mun_mir_plaza","state_ve_mir","Plaza"
"mun_mir_simon_bolivar","state_ve_mir","Simón Bolívar"
"mun_mir_sucre","state_ve_mir","Sucre"
"mun_mir_urdaneta","state_ve_mir","Urdaneta"
"mun_mir_zamora","state_ve_mir","Zamora"
"mun_mon_acosta","state_ve_mon","Acosta"
"mun_mon_aguasay","state_ve_mon","Aguasay"
"mun_mon_bolivar","state_ve_mon","Bolívar"
"mun_mon_caripe","state_ve_mon","Caripe"
"mun_mon_cedeno","state_ve_mon","Cedeño"
"mun_mon_ezequiel_zamora","state_ve_mon","Ezequiel Zamora"
"mun_mon_libertador","state_ve_mon","Libertador"
"mun_mon_maturin","state_ve_mon","Maturín"
"mun_mon_piar","state_ve_mon","Piar"
"mun_mon_punceres","state_ve_mon","Punceres"
"mun_mon_santa_barbara","state_ve_mon","Santa Bárbara"
"mun_mon_sotillo","state_ve_mon","Sotillo"
"mun_mon_uracoa","state_ve_mon","Uracoa"
"mun_nue_antolin_del_campo","state_ve_nue","Antolín del Campo"
"mun_nue_arismendi","state_ve_nue","Arismendi"
"mun_nue_diaz","state_ve_nue","Díaz"
"mun_nue_garcia","state_ve_nue","García"
"mun_nue_gomez","state_ve_nue","Gómez"
"mun_nue_maneiro","state_ve_nue","Maneiro"
"mun_nue_marcano","state_ve_nue","Marcano"
"mun_nue_marino","state_ve_nue","Mariño"
"mun_nue_peninsula_de_macanao","state_ve_nue","Península de Macanao"
"mun_nue_tubores","state_ve_nue","Tubores"
"mun_nue_villalba","state_ve_nue","Villalba"
"mun_por_agua_blanca","state_ve_por","Agua Blanca"
"mun_por_araure","state_ve_por","Araure"
"mun_por_esteller","state_ve_por","Esteller"
"mun_por_guanare","state_ve_por","Guanare"
"mun_por_guanarito","state_ve_por","Guanarito"
"mun_por_monsenor_jose_vicente_de_unda","state_ve_por","Monseñor José Vicente de Unda"
"mun_por_ospino","state_ve_por","Ospino"
"mun_por_paez","state_ve_por","Páez"
"mun_por_papelon","state_ve_por","Papelón"
"mun_por_san_genaro_de_boconoito","state_ve_por","San Genaro de Boconoíto"
"mun_por_san_rafael_de_onoto","state_ve_por","San Rafael de Onoto"
"mun_por_santa_rosalia","state_ve_por","Santa Rosalía"
"mun_por_sucre","state_ve_por","Sucre"
"mun_por_turen","state_ve_por","Turén"
"mun_suc_andres_eloy_blanco","state_ve_suc","Andrés Eloy Blanco"
"mun_suc_andres_mata","state_ve_suc","Andrés Mata"
"mun_suc_arismendi","state_ve_suc","Arismendi"
"mun_suc_benitez","state_ve_suc","Benítez"
"mun_suc_bermudez","state_ve_suc","Bermúdez"
"mun_suc_bolivar","state_ve_suc","Bolívar"
"mun_suc_cajigal","state_ve_suc","Cajigal"
"mun_suc_cruz_salmeron_acosta","state_ve_suc","Cruz Salmerón Acosta"
"mun_suc_libertador","state_ve_suc","Libertador"
"mun_suc_marino","state_ve_suc","Mariño"
"mun_suc_mejia","state_ve_suc","Mejía"
"mun_suc_montes","state_ve_suc","Montes"
"mun_suc_ribero","state_ve_suc","Ribero"
"mun_suc_sucre","state_ve_suc","Sucre"
"mun_suc_valdez","state_ve_suc","Valdez"
"mun_tac_andres_bello","state_ve_tac","Andrés Bello"
"mun_tac_antonio_romulo_costa","state_ve_tac","Antonio Rómulo Costa"
"mun_tac_ayacucho","state_ve_tac","Ayacucho"
"mun_tac_bolivar","state_ve_tac","Bolívar"
"mun_tac_cardenas","state_ve_tac","Cárdenas"
"mun_tac_cordoba","state_ve_tac","Córdoba"
"mun_tac_fernandez_feo","state_ve_tac","Fernández Feo"
"mun_tac_francisco_de_miranda","state_ve_tac","Francisco de Miranda"
"mun_tac_garcia_de_hevia","state_ve_tac","García de Hevia"
"mun_tac_guasimos","state_ve_tac","Guásimos"
"mun_tac_independencia","state_ve_tac","Independencia"
"mun_tac_jauregui","state_ve_tac","Jáuregui"
"mun_tac_jose_maria_vargas","state_ve_tac","José María Vargas"
"mun_tac_junin","state_ve_tac","Junín"
"mun_tac_libertad","state_ve_tac","Libertad"
"mun_tac_libertador","state_ve_tac","Libertador"
"mun_tac_lobatera","state_ve_tac","Lobatera"
"mun_tac_michelena","state_ve_tac","Michelena"
"mun_tac_panamericano","state_ve_tac","Panamericano"
"mun_tac_pedro_maria_urena","state_ve_tac","Pedro María Ureña"
"mun_tac_rafael_urdaneta","state_ve_tac","Rafael Urdaneta"
"mun_tac_samuel_dario_maldonado","state_ve_tac","Samuel Darío Maldonado"
"mun_tac_san_cristobal","state_ve_tac","San Cristóbal"
"mun_tac_san_judas_tadeo","state_ve_tac","San Judas Tadeo"
"mun_tac_seboruco","state_ve_tac","Seboruco"
"mun_tac_simon_rodriguez","state_ve_tac","Simón Rodríguez"
"mun_tac_sucre","state_ve_tac","Sucre"
"mun_tac_torbes","state_ve_tac","Torbes"
"mun_tac_uribante","state_ve_tac","Uribante"
"mun_tru_andres_bello","state_ve_tru","Andrés Bello"
"mun_tru_bocono","state_ve_tru","Boconó"
"mun_tru_bolivar","state_ve_tru","Bolívar"
"mun_tru_candelaria","state_ve_tru","Candelaria"
"mun_tru_carache","state_ve_tru","Carache"
"mun_tru_escuque","state_ve_tru","Escuque"
"mun_tru_jose_felipe_marquez_canizales","state_ve_tru","José Felipe Márquez Cañizales"
"mun_tru_juan_vicente_campos_elias","state_ve_tru","Juan Vicente Campo Elías"
"mun_tru_la_ceiba","state_ve_tru","La Ceiba"
"mun_tru_miranda","state_ve_tru","Miranda"
"mun_tru_monte_carmelo","state_ve_tru","Monte Carmelo"
"mun_tru_motatan","state_ve_tru","Motatán"
"mun_tru_pampan","state_ve_tru","Pampán"
"mun_tru_pampanito","state_ve_tru","Pampanito"
"mun_tru_rafael_rangel","state_ve_tru","Rafael Rangel"
"mun_tru_san_rafael_de_carvajal","state_ve_tru","San Rafael de Carvajal"
"mun_tru_sucre","state_ve_tru","Sucre"
"mun_tru_trujillo","state_ve_tru","Trujillo"
"mun_tru_urdaneta","state_ve_tru","Urdaneta"
"mun_tru_valera","state_ve_tru","Valera"
"mun_var_vargas","state_ve_var","Vargas"
"mun_yar_aristides_bastidas","state_ve_yar","Arístides Bastidas"
"mun_yar_bolivar","state_ve_yar","Bolívar"
"mun_yar_bruzual","state_ve_yar","Bruzual"
"mun_yar_cocorote","state_ve_yar","Cocorote"
"mun_yar_independencia","state_ve_yar","Independencia"
"mun_yar_jose_antonio_paez","state_ve_yar","José Antonio Páez"
"mun_yar_la_trinidad","state_ve_yar","La Trinidad"
"mun_yar_manuel_monge","state_ve_yar","Manuel Monge"
"mun_yar_nirgua","state_ve_yar","Nirgua"
"mun_yar_pena","state_ve_yar","Peña"
"mun_yar_san_felipe","state_ve_yar","San Felipe"
"mun_yar_sucre","state_ve_yar","Sucre"
"mun_yar_urachiche","state_ve_yar","Urachiche"
"mun_yar_veroes","state_ve_yar","Veroes"
"mun_zul_almirante_padilla","state_ve_zul","Almirante Padilla"
"mun_zul_baralt","state_ve_zul","Baralt"
"mun_zul_cabimas","state_ve_zul","Cabimas"
"mun_zul_catatumbo","state_ve_zul","Catatumbo"
"mun_zul_colon","state_ve_zul","Colón"
"mun_zul_francisco_javier_pulgar","state_ve_zul","Francisco Javier Pulgar"
"mun_zul_guajira","state_ve_zul","Guajira"
"mun_zul_jesus_enrique_lossada","state_ve_zul","Jesús Enrique Lossada"
"mun_zul_jesus_maria_semprun","state_ve_zul","Jesús María Semprún"
"mun_zul_la_canada_de_urdaneta","state_ve_zul","La Cañada de Urdaneta"
"mun_zul_lagunillas","state_ve_zul","Lagunillas"
"mun_zul_machiques_de_perija","state_ve_zul","Machiques de Perijá"
"mun_zul_mara","state_ve_zul","Mara"
"mun_zul_maracaibo","state_ve_zul","Maracaibo"
"mun_zul_miranda","state_ve_zul","Miranda"
"mun_zul_paez","state_ve_zul","Páez"
"mun_zul_rosario_de_perija","state_ve_zul","Rosario de Perijá"
"mun_zul_san_francisco","state_ve_zul","San Francisco"
"mun_zul_santa_rita","state_ve_zul","Santa Rita"
"mun_zul_simon_bolivar","state_ve_zul","Simón Bolívar"
"mun_zul_sucre","state_ve_zul","Sucre"
"mun_zul_valmore_rodriguez","state_ve_zul","Valmore Rodríguez"